date,state,positive,negative,hospitalizedCurrently,hospitalizedCumulative,inIcuCurrently,inIcuCumulative,recovered,death,hospitalized,deathIncrease,hospitalizedIncrease,new_cases,date_string,week_number,color,change,death_change
2020-03-06,AK,0.0,8.0,,,,,,0.0,,,,1.0,2020-03-06,0,blue,,
2020-03-13,AK,1.0,59.0,,,,,,0.0,,0.0,0.0,1.0,2020-03-13,1,blue,0.0,
2020-03-20,AK,12.0,686.0,,,,,,0.0,,0.0,0.0,11.0,2020-03-20,2,blue,10.0,
2020-03-27,AK,69.0,2319.0,,3.0,,,,1.0,3.0,0.0,0.0,57.0,2020-03-27,3,blue,4.181818181818182,inf
2020-04-03,AK,157.0,5859.0,,15.0,,,,3.0,15.0,0.0,6.0,88.0,2020-04-03,4,blue,0.5438596491228069,2.0
2020-04-10,AK,246.0,7186.0,,28.0,,,55.0,7.0,28.0,0.0,1.0,89.0,2020-04-10,5,blue,0.011363636363636465,1.3333333333333335
2020-04-17,AK,309.0,9141.0,,36.0,,,128.0,9.0,36.0,0.0,1.0,63.0,2020-04-17,6,blue,-0.2921348314606742,0.2857142857142858
2020-04-24,AK,339.0,11942.0,36.0,,,,208.0,9.0,,0.0,0.0,30.0,2020-04-24,7,blue,-0.5238095238095238,0.0
2020-05-01,AK,364.0,19961.0,25.0,,,,254.0,9.0,,0.0,0.0,25.0,2020-05-01,8,blue,-0.16666666666666663,0.0
2020-05-08,AK,377.0,25096.0,16.0,,,,305.0,10.0,,0.0,0.0,13.0,2020-05-08,9,blue,-0.48,0.11111111111111116
2020-05-15,AK,385.0,25096.0,16.0,,,,305.0,12.0,,0.0,0.0,8.0,2020-05-15,10,red,-0.41733333333333333,0.11111111111111116
2020-05-22,AK,390.0,25096.0,16.0,,,,305.0,14.0,,0.0,0.0,5.0,2020-05-22,11,red,-0.42986666666666673,0.11111111111111116
2020-03-07,AL,0.0,,,,,,,,,,,1.0,2020-03-07,0,blue,,
2020-03-14,AL,6.0,22.0,,,,,,,,0.0,0.0,6.0,2020-03-14,1,blue,5.0,
2020-03-21,AL,124.0,28.0,,,,,,0.0,,0.0,0.0,118.0,2020-03-21,2,blue,18.666666666666668,
2020-03-28,AL,696.0,4184.0,,,,,,3.0,,0.0,0.0,572.0,2020-03-28,3,blue,3.8474576271186445,inf
2020-04-04,AL,1580.0,9273.0,,212.0,,,,43.0,212.0,8.0,212.0,884.0,2020-04-04,4,blue,0.5454545454545454,13.333333333333334
2020-04-11,AL,3191.0,18058.0,,402.0,,177.0,,91.0,402.0,11.0,34.0,1611.0,2020-04-11,5,blue,0.8223981900452488,1.116279069767442
2020-04-18,AL,4655.0,37883.0,,620.0,,247.0,,146.0,620.0,2.0,26.0,1464.0,2020-04-18,6,blue,-0.0912476722532588,0.6043956043956045
2020-04-25,AL,6137.0,65207.0,,839.0,,288.0,,212.0,839.0,15.0,71.0,1482.0,2020-04-25,7,blue,0.012295081967213184,0.452054794520548
2020-05-02,AL,7434.0,84775.0,,1023.0,,335.0,,288.0,1023.0,9.0,15.0,1297.0,2020-05-02,8,blue,-0.12483130904183537,0.35849056603773577
2020-05-09,AL,9567.0,115927.0,,1228.0,,459.0,,388.0,1228.0,13.0,21.0,2133.0,2020-05-09,9,blue,0.6445643793369313,0.3472222222222223
2020-05-16,AL,12747.0,115927.0,,1228.0,,459.0,,523.0,1228.0,13.0,21.0,3180.0,2020-05-16,10,red,0.49068524166117805,0.3472222222222223
2020-05-23,AL,17586.0,115927.0,,1228.0,,459.0,,705.0,1228.0,13.0,21.0,4839.0,2020-05-23,11,red,0.5214610691963287,0.3472222222222223
2020-03-06,AR,0.0,6.0,,,,,,,,,,1.0,2020-03-06,0,blue,,
2020-03-13,AR,9.0,30.0,,,,,,,,0.0,0.0,9.0,2020-03-13,1,blue,8.0,
2020-03-20,AR,96.0,351.0,,,,,,,,0.0,0.0,87.0,2020-03-20,2,blue,8.666666666666666,
2020-03-27,AR,381.0,1545.0,48.0,,,,19.0,3.0,,0.0,0.0,285.0,2020-03-27,3,blue,2.2758620689655173,
2020-04-03,AR,704.0,8995.0,71.0,105.0,,,60.0,12.0,105.0,0.0,5.0,323.0,2020-04-03,4,blue,0.1333333333333333,3.0
2020-04-10,AR,1171.0,15949.0,86.0,130.0,,43.0,312.0,23.0,130.0,2.0,0.0,467.0,2020-04-10,5,blue,0.44582043343653255,0.9166666666666667
2020-04-17,AR,1695.0,21799.0,83.0,,,,593.0,37.0,,0.0,0.0,524.0,2020-04-17,6,blue,0.12205567451820132,0.6086956521739131
2020-04-24,AR,2741.0,32837.0,101.0,291.0,,,929.0,45.0,291.0,0.0,0.0,1046.0,2020-04-24,7,blue,0.9961832061068703,0.21621621621621623
2020-05-01,AR,3321.0,46355.0,95.0,414.0,,,1973.0,64.0,414.0,3.0,12.0,580.0,2020-05-01,8,blue,-0.4455066921606119,0.4222222222222223
2020-05-08,AR,3694.0,60300.0,70.0,466.0,,,2159.0,88.0,466.0,1.0,4.0,373.0,2020-05-08,9,blue,-0.3568965517241379,0.375
2020-05-15,AR,3928.0,60300.0,70.0,466.0,,,2159.0,121.0,466.0,1.0,4.0,234.0,2020-05-15,10,red,-0.3746185798114327,0.375
2020-05-22,AR,4076.0,60300.0,70.0,466.0,,,2159.0,167.0,466.0,1.0,4.0,148.0,2020-05-22,11,red,-0.37107417419397376,0.375
2020-03-04,AZ,2.0,27.0,,,,,,,,,,1.0,2020-03-04,0,blue,,
2020-03-11,AZ,9.0,59.0,,,,,,,,0.0,0.0,7.0,2020-03-11,1,blue,6.0,
2020-03-18,AZ,28.0,148.0,,,,,,0.0,,0.0,0.0,19.0,2020-03-18,2,blue,1.7142857142857144,
2020-03-25,AZ,450.0,323.0,,,,,,6.0,,1.0,0.0,422.0,2020-03-25,3,blue,21.210526315789473,inf
2020-04-01,AZ,1413.0,19645.0,,,,,,29.0,,5.0,0.0,963.0,2020-04-01,4,blue,1.2819905213270144,3.833333333333333
2020-04-08,AZ,2726.0,31838.0,,,,,,80.0,,7.0,0.0,1313.0,2020-04-08,5,blue,0.3634475597092419,1.7586206896551726
2020-04-15,AZ,3962.0,41348.0,590.0,,286.0,,385.0,142.0,,11.0,0.0,1236.0,2020-04-15,6,blue,-0.05864432597105862,0.7749999999999999
2020-04-22,AZ,5459.0,51142.0,664.0,,300.0,,1265.0,229.0,,21.0,0.0,1497.0,2020-04-22,7,blue,0.21116504854368934,0.6126760563380282
2020-04-29,AZ,7202.0,61611.0,756.0,1131.0,312.0,,1475.0,304.0,1131.0,11.0,36.0,1743.0,2020-04-29,8,blue,0.1643286573146292,0.32751091703056767
2020-05-06,AZ,9707.0,82030.0,754.0,1430.0,286.0,,1693.0,426.0,1430.0,31.0,33.0,2505.0,2020-05-06,9,blue,0.43717728055077454,0.4013157894736843
2020-05-13,AZ,13171.0,82030.0,754.0,1430.0,286.0,,1693.0,597.0,1430.0,31.0,33.0,3464.0,2020-05-13,10,red,0.38260755590354545,0.4013157894736843
2020-05-20,AZ,17999.0,82030.0,754.0,1430.0,286.0,,1693.0,837.0,1430.0,31.0,33.0,4828.0,2020-05-20,11,red,0.3935215008329913,0.4013157894736843
2020-03-04,CA,53.0,462.0,,,,,,,,,,1.0,2020-03-04,0,blue,,
2020-03-11,CA,157.0,916.0,,,,,,,,0.0,0.0,104.0,2020-03-11,1,blue,103.0,
2020-03-18,CA,611.0,7981.0,,,,,,13.0,,2.0,0.0,454.0,2020-03-18,2,blue,3.365384615384615,
2020-03-25,CA,2355.0,15921.0,,,,,,53.0,,13.0,0.0,1744.0,2020-03-25,3,blue,2.841409691629956,3.0769230769230766
2020-04-01,CA,8155.0,21772.0,1855.0,,774.0,,,171.0,,18.0,0.0,5800.0,2020-04-01,4,blue,2.3256880733944953,2.2264150943396226
2020-04-08,CA,16957.0,127307.0,2714.0,,1154.0,,,442.0,,68.0,0.0,8802.0,2020-04-08,5,blue,0.5175862068965518,1.584795321637427
2020-04-15,CA,24424.0,192062.0,5163.0,,1175.0,,,821.0,,63.0,0.0,7467.0,2020-04-15,6,blue,-0.15167007498295837,0.8574660633484164
2020-04-22,CA,35396.0,429931.0,4984.0,,1551.0,,,1354.0,,86.0,0.0,10972.0,2020-04-22,7,blue,0.46939868755859115,0.6492082825822167
2020-04-29,CA,46500.0,556639.0,5011.0,,1512.0,,,1887.0,,78.0,0.0,11104.0,2020-04-29,8,blue,0.012030623405030916,0.39364844903988194
2020-05-06,CA,58815.0,750221.0,4681.0,,1415.0,,,2412.0,,95.0,0.0,12315.0,2020-05-06,9,blue,0.1090597982708934,0.2782193958664547
2020-05-13,CA,72235.0,750221.0,4681.0,,1415.0,,,3084.0,,95.0,0.0,13420.0,2020-05-13,10,red,0.0896539632977209,0.2782193958664547
2020-05-20,CA,86911.0,750221.0,4681.0,,1415.0,,,3943.0,,95.0,0.0,14676.0,2020-05-20,11,red,0.09353513029235541,0.2782193958664547
2020-03-05,CO,0.0,19.0,,,,,,,,,,1.0,2020-03-05,0,blue,,
2020-03-12,CO,45.0,298.0,,,,,,,,0.0,0.0,45.0,2020-03-12,1,blue,44.0,
2020-03-19,CO,216.0,2112.0,,,,,,2.0,,0.0,0.0,171.0,2020-03-19,2,blue,2.8,
2020-03-26,CO,1086.0,6978.0,230.0,148.0,,,,19.0,148.0,8.0,64.0,870.0,2020-03-26,3,blue,4.087719298245614,8.5
2020-04-02,CO,3342.0,15303.0,698.0,620.0,,,,80.0,620.0,11.0,111.0,2256.0,2020-04-02,4,blue,1.593103448275862,3.2105263157894735
2020-04-09,CO,5655.0,23544.0,848.0,1162.0,,,,193.0,1162.0,14.0,83.0,2313.0,2020-04-09,5,blue,0.025265957446808596,1.4125
2020-04-16,CO,8280.0,32253.0,859.0,1636.0,,,,357.0,1636.0,28.0,80.0,2625.0,2020-04-16,6,blue,0.13488975356679633,0.849740932642487
2020-04-23,CO,10878.0,39767.0,859.0,2123.0,,,,508.0,2123.0,22.0,120.0,2598.0,2020-04-23,7,blue,-0.010285714285714231,0.4229691876750701
2020-04-30,CO,14758.0,56301.0,966.0,2621.0,,,2415.0,766.0,2621.0,6.0,11.0,3880.0,2020-04-30,8,blue,0.4934565050038491,0.5078740157480315
2020-05-07,CO,17830.0,73517.0,798.0,2986.0,,,2869.0,921.0,2986.0,18.0,67.0,3072.0,2020-05-07,9,blue,-0.2082474226804124,0.2023498694516972
2020-05-14,CO,20694.0,73517.0,798.0,2986.0,,,2869.0,1108.0,2986.0,18.0,67.0,2864.0,2020-05-14,10,red,-0.06790663714356011,0.2023498694516972
2020-05-21,CO,23284.0,73517.0,798.0,2986.0,,,2869.0,1333.0,2986.0,18.0,67.0,2590.0,2020-05-21,11,red,-0.09597479425093058,0.2023498694516972
2020-03-07,CT,0.0,,,,,,,,,,,1.0,2020-03-07,0,blue,,
2020-03-14,CT,11.0,125.0,,,,,,,,0.0,0.0,11.0,2020-03-14,1,blue,10.0,
2020-03-21,CT,194.0,2106.0,,,,,,4.0,,1.0,0.0,183.0,2020-03-21,2,blue,15.636363636363637,
2020-03-28,CT,1291.0,7109.0,173.0,,,,,27.0,,0.0,0.0,1097.0,2020-03-28,3,blue,4.994535519125683,5.75
2020-04-04,CT,5276.0,16753.0,1033.0,,,,,165.0,,34.0,0.0,3985.0,2020-04-04,4,blue,2.632634457611668,5.111111111111111
2020-04-11,CT,11510.0,28321.0,1593.0,,,,,494.0,,46.0,0.0,6234.0,2020-04-11,5,blue,0.564366373902133,1.9939393939393941
2020-04-18,CT,16809.0,38653.0,1946.0,,,,,1036.0,,0.0,0.0,5299.0,2020-04-18,6,blue,-0.14998395893487326,1.097165991902834
2020-04-25,CT,24582.0,53020.0,1810.0,,,,,1862.0,,98.0,0.0,7773.0,2020-04-25,7,blue,0.4668805434987733,0.7972972972972974
2020-05-02,CT,28764.0,71493.0,1592.0,7758.0,,,4346.0,2339.0,7758.0,0.0,0.0,4182.0,2020-05-02,8,blue,-0.4619837900424546,0.2561761546723953
2020-05-09,CT,32984.0,90585.0,1301.0,9389.0,,,5413.0,2932.0,9389.0,58.0,0.0,4220.0,2020-05-09,9,blue,0.009086561453849784,0.25352714835399737
2020-05-16,CT,36845.0,90585.0,1301.0,9389.0,,,5413.0,3676.0,9389.0,58.0,0.0,3861.0,2020-05-16,10,red,-0.08512750884541109,0.25352714835399737
2020-05-23,CT,40451.0,90585.0,1301.0,9389.0,,,5413.0,4608.0,9389.0,58.0,0.0,3606.0,2020-05-23,11,red,-0.06628469478555893,0.25352714835399737
2020-03-05,DC,0.0,6.0,,,,,,,,,,1.0,2020-03-05,0,blue,,
2020-03-12,DC,10.0,20.0,,,,,,,,0.0,0.0,10.0,2020-03-12,1,blue,9.0,
2020-03-19,DC,39.0,153.0,,,,,,0.0,,0.0,0.0,29.0,2020-03-19,2,blue,1.9,
2020-03-26,DC,231.0,1626.0,,,,,21.0,3.0,,1.0,0.0,192.0,2020-03-26,3,blue,5.620689655172414,inf
2020-04-02,DC,653.0,4417.0,,,,,173.0,12.0,,1.0,0.0,422.0,2020-04-02,4,blue,1.1979166666666665,3.0
2020-04-09,DC,1523.0,7201.0,,,,,393.0,32.0,,5.0,0.0,870.0,2020-04-09,5,blue,1.0616113744075828,1.6666666666666665
2020-04-16,DC,2350.0,9800.0,313.0,,105.0,,552.0,81.0,,9.0,0.0,827.0,2020-04-16,6,blue,-0.04942528735632179,1.53125
2020-04-23,DC,3361.0,12569.0,402.0,,120.0,,648.0,139.0,,12.0,0.0,1011.0,2020-04-23,7,blue,0.2224909310761789,0.7160493827160495
2020-04-30,DC,4323.0,15756.0,,,,,660.0,224.0,,19.0,0.0,962.0,2020-04-30,8,blue,-0.048466864490603334,0.6115107913669064
2020-05-07,DC,5654.0,20202.0,447.0,,130.0,,825.0,285.0,,8.0,0.0,1331.0,2020-05-07,9,blue,0.38357588357588357,0.2723214285714286
2020-05-14,DC,7381.0,20202.0,447.0,,130.0,,825.0,363.0,,8.0,0.0,1727.0,2020-05-14,10,red,0.2971673339625862,0.2723214285714286
2020-05-21,DC,9652.0,20202.0,447.0,,130.0,,825.0,462.0,,8.0,0.0,2271.0,2020-05-21,11,red,0.3144490438852457,0.2723214285714286
2020-03-06,DE,0.0,10.0,,,,,,,,,,1.0,2020-03-06,0,blue,,
2020-03-13,DE,4.0,30.0,,,,,,,,0.0,0.0,4.0,2020-03-13,1,blue,3.0,
2020-03-20,DE,38.0,36.0,,,,,,0.0,,0.0,0.0,34.0,2020-03-20,2,blue,7.5,
2020-03-27,DE,163.0,36.0,15.0,,,,9.0,2.0,,1.0,0.0,125.0,2020-03-27,3,blue,2.676470588235294,inf
2020-04-03,DE,450.0,4995.0,63.0,,,,71.0,14.0,,2.0,0.0,287.0,2020-04-03,4,blue,1.2959999999999998,6.0
2020-04-10,DE,1326.0,10415.0,181.0,,,,177.0,23.0,,0.0,0.0,876.0,2020-04-10,5,blue,2.052264808362369,0.6428571428571428
2020-04-17,DE,2323.0,11694.0,224.0,,,,423.0,61.0,,9.0,0.0,997.0,2020-04-17,6,blue,0.13812785388127846,1.652173913043478
2020-04-24,DE,3442.0,13937.0,277.0,,,,703.0,100.0,,8.0,0.0,1119.0,2020-04-24,7,blue,0.12236710130391182,0.639344262295082
2020-05-01,DE,4918.0,17667.0,281.0,,,,1403.0,159.0,,7.0,0.0,1476.0,2020-05-01,8,blue,0.3190348525469169,0.5900000000000001
2020-05-08,DE,6111.0,22153.0,289.0,,,,2288.0,213.0,,11.0,0.0,1193.0,2020-05-08,9,blue,-0.1917344173441734,0.3396226415094339
2020-05-15,DE,7198.0,22153.0,289.0,,,,2288.0,286.0,,11.0,0.0,1087.0,2020-05-15,10,red,-0.08958056336595537,0.3396226415094339
2020-05-22,DE,8166.0,22153.0,289.0,,,,2288.0,384.0,,11.0,0.0,968.0,2020-05-22,11,red,-0.11001133416159897,0.3396226415094339
2020-03-04,FL,2.0,24.0,,,,,,,,,,1.0,2020-03-04,0,blue,,
2020-03-11,FL,28.0,301.0,,,,,,2.0,,2.0,0.0,26.0,2020-03-11,1,blue,25.0,
2020-03-18,FL,314.0,1225.0,,,,,,7.0,,1.0,0.0,286.0,2020-03-18,2,blue,10.0,2.5
2020-03-25,FL,1682.0,15374.0,,316.0,,,,22.0,316.0,4.0,57.0,1368.0,2020-03-25,3,blue,3.7832167832167833,2.142857142857143
2020-04-01,FL,6955.0,59529.0,,949.0,,,,87.0,949.0,10.0,126.0,5273.0,2020-04-01,4,blue,2.85453216374269,2.9545454545454546
2020-04-08,FL,15455.0,127679.0,,2062.0,,,,309.0,2062.0,13.0,63.0,8500.0,2020-04-08,5,blue,0.6119855869523989,2.5517241379310347
2020-04-15,FL,22511.0,190998.0,,3344.0,,,,609.0,3344.0,72.0,284.0,7056.0,2020-04-15,6,blue,-0.16988235294117648,0.970873786407767
2020-04-22,FL,28309.0,260318.0,,4469.0,,,,910.0,4469.0,54.0,234.0,5798.0,2020-04-22,7,blue,-0.17828798185941042,0.49425287356321834
2020-04-29,FL,33193.0,340295.0,,5624.0,,,,1240.0,5624.0,86.0,358.0,4884.0,2020-04-29,8,blue,-0.15764056571231455,0.3626373626373627
2020-05-06,FL,38002.0,442049.0,,6776.0,,,,1605.0,6776.0,69.0,230.0,4809.0,2020-05-06,9,blue,-0.01535626535626533,0.2943548387096775
2020-05-13,FL,42601.0,442049.0,,6776.0,,,,2078.0,6776.0,69.0,230.0,4599.0,2020-05-13,10,red,-0.043813125427475175,0.2943548387096775
2020-05-20,FL,47025.0,442049.0,,6776.0,,,,2690.0,6776.0,69.0,230.0,4424.0,2020-05-20,11,red,-0.03812175341323321,0.2943548387096775
2020-03-04,GA,2.0,,,,,,,,,,,1.0,2020-03-04,0,blue,,
2020-03-11,GA,22.0,,,,,,,,,0.0,0.0,20.0,2020-03-11,1,blue,19.0,
2020-03-18,GA,197.0,1311.0,,,,,,1.0,,0.0,0.0,175.0,2020-03-18,2,blue,7.75,
2020-03-25,GA,1247.0,4932.0,,394.0,,,,40.0,394.0,8.0,394.0,1050.0,2020-03-25,3,blue,5.0,39.0
2020-04-01,GA,4638.0,15688.0,,952.0,,,,139.0,952.0,28.0,119.0,3391.0,2020-04-01,4,blue,2.2295238095238097,2.475
2020-04-08,GA,9901.0,28886.0,,1993.0,,,,362.0,1993.0,33.0,219.0,5263.0,2020-04-08,5,blue,0.5520495429076968,1.6043165467625897
2020-04-15,GA,14987.0,49103.0,,2922.0,,,,552.0,2922.0,51.0,153.0,5086.0,2020-04-15,6,blue,-0.033631008930267936,0.5248618784530388
2020-04-22,GA,20740.0,73332.0,,3959.0,,,,836.0,3959.0,37.0,180.0,5753.0,2020-04-22,7,blue,0.13114431773495872,0.5144927536231885
2020-04-29,GA,25572.0,118367.0,,5056.0,,1148.0,,1093.0,5056.0,67.0,242.0,4832.0,2020-04-29,8,blue,-0.16009038762384842,0.3074162679425838
2020-05-06,GA,30696.0,173441.0,,5765.0,,1343.0,,1311.0,5765.0,23.0,131.0,5124.0,2020-05-06,9,blue,0.060430463576159,0.19945105215004566
2020-05-13,GA,35904.0,173441.0,,5765.0,,1343.0,,1573.0,5765.0,23.0,131.0,5208.0,2020-05-13,10,red,0.016326293336157517,0.19945105215004566
2020-05-20,GA,41243.0,173441.0,,5765.0,,1343.0,,1887.0,5765.0,23.0,131.0,5339.0,2020-05-20,11,red,0.025147127384157815,0.19945105215004566
2020-03-07,HI,1.0,,,,,,,,,,,1.0,2020-03-07,0,blue,,
2020-03-14,HI,2.0,,,,,,,,,0.0,0.0,1.0,2020-03-14,1,blue,0.0,
2020-03-21,HI,37.0,124.0,,,,,,,,0.0,0.0,35.0,2020-03-21,2,blue,34.0,
2020-03-28,HI,120.0,4357.0,,8.0,,,,,8.0,0.0,1.0,83.0,2020-03-28,3,blue,1.3714285714285714,
2020-04-04,HI,319.0,11959.0,,18.0,,6.0,78.0,3.0,18.0,1.0,3.0,199.0,2020-04-04,4,blue,1.3975903614457832,
2020-04-11,HI,465.0,17066.0,,43.0,,6.0,284.0,8.0,43.0,2.0,1.0,146.0,2020-04-11,5,blue,-0.26633165829145733,1.6666666666666665
2020-04-18,HI,553.0,21790.0,,48.0,,,390.0,9.0,48.0,0.0,3.0,88.0,2020-04-18,6,blue,-0.3972602739726028,0.125
2020-04-25,HI,601.0,27439.0,,67.0,,,463.0,13.0,67.0,1.0,4.0,48.0,2020-04-25,7,blue,-0.4545454545454546,0.4444444444444444
2020-05-02,HI,619.0,31366.0,,72.0,,,532.0,16.0,72.0,0.0,2.0,18.0,2020-05-02,8,blue,-0.625,0.23076923076923084
2020-05-09,HI,629.0,35633.0,,81.0,,,566.0,17.0,81.0,0.0,7.0,10.0,2020-05-09,9,blue,-0.4444444444444444,0.0625
2020-05-16,HI,635.0,35633.0,,81.0,,,566.0,19.0,81.0,0.0,7.0,6.0,2020-05-16,10,red,-0.48055555555555557,0.0625
2020-05-23,HI,639.0,35633.0,,81.0,,,566.0,21.0,81.0,0.0,7.0,4.0,2020-05-23,11,red,-0.4733333333333334,0.0625
2020-03-06,IA,0.0,15.0,,,,,,,,,,1.0,2020-03-06,0,blue,,
2020-03-13,IA,16.0,83.0,,,,,,,,0.0,0.0,16.0,2020-03-13,1,blue,15.0,
2020-03-20,IA,45.0,642.0,,,,,,,,0.0,0.0,29.0,2020-03-20,2,blue,0.8125,
2020-03-27,IA,235.0,3740.0,32.0,50.0,,,18.0,3.0,50.0,2.0,4.0,190.0,2020-03-27,3,blue,5.551724137931035,
2020-04-03,IA,699.0,8754.0,80.0,138.0,,,188.0,11.0,138.0,0.0,18.0,464.0,2020-04-03,4,blue,1.4421052631578948,2.6666666666666665
2020-04-10,IA,1388.0,14565.0,125.0,,55.0,,506.0,31.0,,2.0,0.0,689.0,2020-04-10,5,blue,0.4849137931034482,1.8181818181818183
2020-04-17,IA,2332.0,19460.0,183.0,,88.0,,1007.0,64.0,,4.0,0.0,944.0,2020-04-17,6,blue,0.37010159651669094,1.064516129032258
2020-04-24,IA,4445.0,27528.0,278.0,,104.0,,1604.0,107.0,,11.0,0.0,2113.0,2020-04-24,7,blue,1.2383474576271185,0.671875
2020-05-01,IA,7884.0,37708.0,345.0,,121.0,,2899.0,170.0,,8.0,0.0,3439.0,2020-05-01,8,blue,0.6275437766209182,0.5887850467289719
2020-05-08,IA,11457.0,58804.0,407.0,,164.0,,4685.0,243.0,,12.0,0.0,3573.0,2020-05-08,9,blue,0.03896481535330043,0.4294117647058824
2020-05-15,IA,15590.0,58804.0,407.0,,164.0,,4685.0,348.0,,12.0,0.0,4133.0,2020-05-15,10,red,0.156680607606824,0.4294117647058824
2020-05-22,IA,20274.0,58804.0,407.0,,164.0,,4685.0,498.0,,12.0,0.0,4684.0,2020-05-22,11,red,0.13313744915611928,0.4294117647058824
2020-03-07,ID,0.0,27.0,,,,,,,,,,1.0,2020-03-07,0,blue,,
2020-03-14,ID,2.0,174.0,,,,,,,,0.0,0.0,2.0,2020-03-14,1,blue,1.0,
2020-03-21,ID,31.0,880.0,,,,,,,,0.0,0.0,29.0,2020-03-21,2,blue,13.5,
2020-03-28,ID,230.0,3342.0,,25.0,,,,4.0,25.0,1.0,25.0,199.0,2020-03-28,3,blue,5.862068965517241,
2020-04-04,ID,1013.0,7857.0,,62.0,,8.0,,10.0,62.0,1.0,6.0,783.0,2020-04-04,4,blue,2.9346733668341707,1.5
2020-04-11,ID,1396.0,12368.0,,128.0,,35.0,,25.0,128.0,1.0,1.0,383.0,2020-04-11,5,blue,-0.5108556832694764,1.5
2020-04-18,ID,1655.0,14954.0,,151.0,,53.0,453.0,43.0,151.0,2.0,3.0,259.0,2020-04-18,6,blue,-0.32375979112271536,0.72
2020-04-25,ID,1870.0,17491.0,,168.0,,71.0,867.0,54.0,168.0,0.0,2.0,215.0,2020-04-25,7,blue,-0.16988416988416988,0.2558139534883721
2020-05-02,ID,2035.0,27455.0,,178.0,,76.0,1215.0,63.0,178.0,0.0,0.0,165.0,2020-05-02,8,blue,-0.2325581395348837,0.16666666666666674
2020-05-09,ID,2205.0,29601.0,,206.0,,86.0,1442.0,67.0,206.0,0.0,0.0,170.0,2020-05-09,9,blue,0.030303030303030276,0.06349206349206349
2020-05-16,ID,2372.0,29601.0,,206.0,,86.0,1442.0,72.0,206.0,0.0,0.0,167.0,2020-05-16,10,red,-0.022269203664552522,0.06349206349206349
2020-05-23,ID,2538.0,29601.0,,206.0,,86.0,1442.0,77.0,206.0,0.0,0.0,166.0,2020-05-23,11,red,-0.011754756871035964,0.06349206349206349
2020-03-04,IL,4.0,124.0,,,,,,,,,,1.0,2020-03-04,0,blue,,
2020-03-11,IL,19.0,244.0,,,,,,,,0.0,0.0,15.0,2020-03-11,1,blue,14.0,
2020-03-18,IL,288.0,1763.0,,,,,,1.0,,0.0,0.0,269.0,2020-03-18,2,blue,16.933333333333334,
2020-03-25,IL,1865.0,12344.0,,,,,,19.0,,3.0,0.0,1577.0,2020-03-25,3,blue,4.862453531598513,18.0
2020-04-01,IL,6980.0,33404.0,,,,,,141.0,,42.0,0.0,5115.0,2020-04-01,4,blue,2.2435003170577046,6.421052631578948
2020-04-08,IL,15078.0,59988.0,3680.0,,1166.0,,,462.0,,82.0,0.0,8098.0,2020-04-08,5,blue,0.583186705767351,2.276595744680851
2020-04-15,IL,24593.0,92336.0,4283.0,,1189.0,,,948.0,,80.0,0.0,9515.0,2020-04-15,6,blue,0.17498147690787857,1.051948051948052
2020-04-22,IL,35108.0,129238.0,4665.0,,1220.0,,,1565.0,,97.0,0.0,10515.0,2020-04-22,7,blue,0.10509721492380453,0.6508438818565401
2020-04-29,IL,50355.0,206312.0,5036.0,,1290.0,,,2215.0,,90.0,0.0,15247.0,2020-04-29,8,blue,0.4500237755587255,0.415335463258786
2020-05-06,IL,68232.0,293028.0,4832.0,,1231.0,,,2974.0,,136.0,0.0,17877.0,2020-05-06,9,blue,0.17249294943267524,0.34266365688487577
2020-05-13,IL,90185.0,293028.0,4832.0,,1231.0,,,3994.0,,136.0,0.0,21953.0,2020-05-13,10,red,0.2279991146578853,0.34266365688487577
2020-05-20,IL,116900.0,293028.0,4832.0,,1231.0,,,5363.0,,136.0,0.0,26715.0,2020-05-20,11,red,0.2168978816128433,0.34266365688487577
2020-03-06,IN,1.0,,,,,,,,,,,1.0,2020-03-06,0,blue,,
2020-03-13,IN,12.0,61.0,,,,,,,,0.0,0.0,11.0,2020-03-13,1,blue,10.0,
2020-03-20,IN,79.0,475.0,,,,,,2.0,,0.0,0.0,67.0,2020-03-20,2,blue,5.090909090909091,
2020-03-27,IN,981.0,5955.0,,,,,,24.0,,7.0,0.0,902.0,2020-03-27,3,blue,12.462686567164178,11.0
2020-04-03,IN,3437.0,14398.0,,,,,,102.0,,24.0,0.0,2456.0,2020-04-03,4,blue,1.7228381374722836,3.25
2020-04-10,IN,6907.0,28133.0,,,820.0,,,300.0,,55.0,0.0,3470.0,2020-04-10,5,blue,0.4128664495114007,1.9411764705882355
2020-04-17,IN,10154.0,44631.0,,,638.0,,,519.0,,42.0,0.0,3247.0,2020-04-17,6,blue,-0.06426512968299714,0.73
2020-04-24,IN,13680.0,61873.0,,,621.0,,,741.0,,35.0,0.0,3526.0,2020-04-24,7,blue,0.08592546966430548,0.4277456647398843
2020-05-01,IN,18630.0,81009.0,1431.0,,514.0,,,1175.0,,61.0,0.0,4950.0,2020-05-01,8,blue,0.40385706182643233,0.5856950067476383
2020-05-08,IN,23146.0,106982.0,1379.0,4389.0,481.0,990.0,,1447.0,4389.0,33.0,4389.0,4516.0,2020-05-08,9,blue,-0.08767676767676769,0.23148936170212764
2020-05-15,IN,27711.0,106982.0,1379.0,4389.0,481.0,990.0,,1782.0,4389.0,33.0,4389.0,4565.0,2020-05-15,10,red,0.010629998223872311,0.23148936170212764
2020-05-22,IN,32235.0,106982.0,1379.0,4389.0,481.0,990.0,,2195.0,4389.0,33.0,4389.0,4524.0,2020-05-22,11,red,-0.00903135495625569,0.23148936170212764
2020-03-06,KS,0.0,4.0,,,,,,,,,,1.0,2020-03-06,0,blue,,
2020-03-13,KS,6.0,93.0,,,,,,,,0.0,0.0,6.0,2020-03-13,1,blue,5.0,
2020-03-20,KS,44.0,417.0,,,,,,1.0,,0.0,0.0,38.0,2020-03-20,2,blue,5.333333333333333,
2020-03-27,KS,202.0,3229.0,,27.0,,,,4.0,27.0,1.0,27.0,158.0,2020-03-27,3,blue,3.1578947368421053,3.0
2020-04-03,KS,620.0,6454.0,,151.0,,,,17.0,151.0,4.0,13.0,418.0,2020-04-03,4,blue,1.6455696202531644,3.25
2020-04-10,KS,1166.0,10248.0,,274.0,,,,50.0,274.0,8.0,11.0,546.0,2020-04-10,5,blue,0.30622009569377995,1.9411764705882355
2020-04-17,KS,1705.0,15196.0,,375.0,,,,84.0,375.0,4.0,16.0,539.0,2020-04-17,6,blue,-0.012820512820512775,0.6799999999999999
2020-04-24,KS,2777.0,20811.0,,457.0,,,,111.0,457.0,-1.0,15.0,1072.0,2020-04-24,7,blue,0.9888682745825603,0.3214285714285714
2020-05-01,KS,4449.0,28585.0,,534.0,,206.0,280.0,130.0,534.0,1.0,11.0,1672.0,2020-05-01,8,blue,0.5597014925373134,0.1711711711711712
2020-05-08,KS,6501.0,41207.0,,608.0,,223.0,332.0,152.0,608.0,5.0,21.0,2052.0,2020-05-08,9,blue,0.2272727272727273,0.1692307692307693
2020-05-15,KS,9156.0,41207.0,,608.0,,223.0,332.0,178.0,608.0,5.0,21.0,2655.0,2020-05-15,10,red,0.29375848032564456,0.1692307692307693
2020-05-22,KS,12556.0,41207.0,,608.0,,223.0,332.0,209.0,608.0,5.0,21.0,3400.0,2020-05-22,11,red,0.2804613297150611,0.1692307692307693
2020-03-06,KY,0.0,7.0,,,,,,,,,,1.0,2020-03-06,0,blue,,
2020-03-13,KY,11.0,107.0,,,,,,,,0.0,0.0,11.0,2020-03-13,1,blue,10.0,
2020-03-20,KY,47.0,592.0,,,,,,1.0,,0.0,0.0,36.0,2020-03-20,2,blue,2.272727272727273,
2020-03-27,KY,248.0,3768.0,,,,,,6.0,,2.0,0.0,201.0,2020-03-27,3,blue,4.583333333333333,5.0
2020-04-03,KY,770.0,12034.0,,,,,,31.0,,11.0,0.0,522.0,2020-04-03,4,blue,1.5970149253731343,4.166666666666667
2020-04-10,KY,1693.0,22595.0,271.0,459.0,105.0,177.0,464.0,90.0,459.0,17.0,459.0,923.0,2020-04-10,5,blue,0.7681992337164751,1.903225806451613
2020-04-17,KY,2429.0,27318.0,477.0,971.0,333.0,506.0,956.0,129.0,971.0,7.0,164.0,736.0,2020-04-17,6,blue,-0.20260021668472372,0.43333333333333335
2020-04-24,KY,3481.0,39363.0,302.0,1115.0,163.0,570.0,1335.0,191.0,1115.0,6.0,10.0,1052.0,2020-04-24,7,blue,0.42934782608695654,0.48062015503875966
2020-05-01,KY,4708.0,51904.0,330.0,1375.0,178.0,642.0,1675.0,240.0,1375.0,5.0,16.0,1227.0,2020-05-01,8,blue,0.1663498098859315,0.25654450261780104
2020-05-08,KY,6129.0,75272.0,356.0,1684.0,199.0,714.0,2177.0,294.0,1684.0,11.0,68.0,1421.0,2020-05-08,9,blue,0.15810920945395268,0.2250000000000001
2020-05-15,KY,7778.0,75272.0,356.0,1684.0,199.0,714.0,2177.0,361.0,1684.0,11.0,68.0,1649.0,2020-05-15,10,red,0.15975732954034844,0.2250000000000001
2020-05-22,KY,9690.0,75272.0,356.0,1684.0,199.0,714.0,2177.0,443.0,1684.0,11.0,68.0,1912.0,2020-05-22,11,red,0.15942770552306929,0.2250000000000001
2020-03-07,LA,0.0,,,,,,,,,,,1.0,2020-03-07,0,blue,,
2020-03-14,LA,51.0,109.0,,,,,,,,0.0,0.0,51.0,2020-03-14,1,blue,50.0,
2020-03-21,LA,580.0,2180.0,,,,,,16.0,,4.0,0.0,529.0,2020-03-21,2,blue,9.372549019607844,
2020-03-28,LA,3315.0,21846.0,927.0,,,,,137.0,,18.0,0.0,2735.0,2020-03-28,3,blue,4.170132325141777,7.5625
2020-04-04,LA,12496.0,46002.0,1726.0,,,,,409.0,,39.0,0.0,9181.0,2020-04-04,4,blue,2.356855575868373,1.9854014598540144
2020-04-11,LA,20014.0,76901.0,2067.0,,,,,806.0,,51.0,0.0,7518.0,2020-04-11,5,blue,-0.18113495261954038,0.9706601466992666
2020-04-18,LA,23580.0,114419.0,1761.0,,,,,1267.0,,54.0,0.0,3566.0,2020-04-18,6,blue,-0.5256717212024475,0.5719602977667493
2020-04-25,LA,26512.0,112490.0,1700.0,,,,14927.0,1644.0,,43.0,0.0,2932.0,2020-04-25,7,blue,-0.17779024116657316,0.2975532754538279
2020-05-02,LA,29140.0,143718.0,1545.0,,,,17303.0,1950.0,,23.0,0.0,2628.0,2020-05-02,8,blue,-0.10368349249658937,0.18613138686131392
2020-05-09,LA,31417.0,180740.0,1333.0,,,,20316.0,2267.0,,40.0,0.0,2277.0,2020-05-09,9,blue,-0.13356164383561642,0.16256410256410248
2020-05-16,LA,33404.0,180740.0,1333.0,,,,20316.0,2636.0,,40.0,0.0,1987.0,2020-05-16,10,red,-0.12758601356781102,0.16256410256410248
2020-05-23,LA,35136.0,180740.0,1333.0,,,,20316.0,3065.0,,40.0,0.0,1732.0,2020-05-23,11,red,-0.1287811396213721,0.16256410256410248
2020-03-12,MA,8.0,,,,,,,,,,,1.0,2020-03-12,0,blue,,
2020-03-19,MA,229.0,2918.0,,,,,,3.0,,1.0,0.0,221.0,2020-03-19,1,blue,220.0,
2020-03-26,MA,2318.0,21327.0,,219.0,,,,42.0,219.0,9.0,116.0,2089.0,2020-03-26,2,blue,8.452488687782806,13.0
2020-04-02,MA,8867.0,47767.0,,813.0,,,,229.0,813.0,42.0,131.0,6549.0,2020-04-02,3,blue,2.134992819530876,4.4523809523809526
2020-04-09,MA,18843.0,76146.0,2302.0,2302.0,,,,725.0,2302.0,110.0,183.0,9976.0,2020-04-09,4,blue,0.523285997862269,2.165938864628821
2020-04-16,MA,32492.0,110098.0,3726.0,3726.0,973.0,,,1667.0,3726.0,165.0,89.0,13649.0,2020-04-16,5,blue,0.36818364073777055,1.2993103448275862
2020-04-23,MA,47992.0,156324.0,3851.0,4493.0,1034.0,,,2769.0,4493.0,172.0,237.0,15500.0,2020-04-23,6,blue,0.13561433072019935,0.6610677864427115
2020-04-30,MA,62205.0,213442.0,3803.0,5942.0,1001.0,,,3562.0,5942.0,157.0,184.0,14213.0,2020-04-30,7,blue,-0.08303225806451608,0.2863849765258215
2020-05-07,MA,73721.0,277911.0,3436.0,7237.0,852.0,,,4552.0,7237.0,132.0,157.0,11516.0,2020-05-07,8,blue,-0.1897558573137269,0.27793374508702984
2020-05-14,MA,83298.0,277911.0,3436.0,7237.0,852.0,,,5818.0,7237.0,132.0,157.0,9577.0,2020-05-14,9,red,-0.16841113746388475,0.27793374508702984
2020-05-21,MA,91222.0,277911.0,3436.0,7237.0,852.0,,,7436.0,7237.0,132.0,157.0,7924.0,2020-05-21,10,red,-0.1726800814338532,0.27793374508702984
2020-03-05,MD,0.0,17.0,,,,,,,,,,1.0,2020-03-05,0,blue,,
2020-03-12,MD,12.0,94.0,,,,,,,,0.0,0.0,12.0,2020-03-12,1,blue,11.0,
2020-03-19,MD,107.0,94.0,,,,,,1.0,,1.0,0.0,95.0,2020-03-19,2,blue,6.916666666666667,
2020-03-26,MD,580.0,94.0,,132.0,,,,4.0,132.0,0.0,132.0,473.0,2020-03-26,3,blue,3.9789473684210526,3.0
2020-04-02,MD,2331.0,18890.0,,582.0,,,81.0,36.0,582.0,5.0,60.0,1751.0,2020-04-02,4,blue,2.7019027484143763,8.0
2020-04-09,MD,6185.0,35344.0,,1348.0,,,376.0,138.0,1348.0,14.0,138.0,3854.0,2020-04-09,5,blue,1.2010279840091376,2.8333333333333335
2020-04-16,MD,10784.0,48059.0,,2451.0,,,736.0,459.0,2451.0,46.0,220.0,4599.0,2020-04-16,6,blue,0.19330565646081999,2.3260869565217392
2020-04-23,MD,15737.0,64363.0,1405.0,3477.0,515.0,,1040.0,748.0,3477.0,50.0,152.0,4953.0,2020-04-23,7,blue,0.07697325505544694,0.6296296296296295
2020-04-30,MD,21742.0,92617.0,1711.0,4559.0,590.0,,1432.0,1140.0,4559.0,62.0,157.0,6005.0,2020-04-30,8,blue,0.2123965273571573,0.5240641711229947
2020-05-07,MD,29374.0,119226.0,1683.0,5663.0,584.0,,2029.0,1503.0,5663.0,66.0,166.0,7632.0,2020-05-07,9,blue,0.2709408825978352,0.31842105263157894
2020-05-14,MD,38985.0,119226.0,1683.0,5663.0,584.0,,2029.0,1982.0,5663.0,66.0,166.0,9611.0,2020-05-14,10,red,0.25923201154969966,0.31842105263157894
2020-05-21,MD,51110.0,119226.0,1683.0,5663.0,584.0,,2029.0,2614.0,5663.0,66.0,166.0,12125.0,2020-05-21,11,red,0.26157378575932677,0.31842105263157894
2020-03-07,ME,0.0,1.0,,,,,,,,,,1.0,2020-03-07,0,blue,,
2020-03-14,ME,3.0,91.0,,,,,,,,0.0,0.0,3.0,2020-03-14,1,blue,2.0,
2020-03-21,ME,73.0,2264.0,,,,,,,,0.0,0.0,70.0,2020-03-21,2,blue,22.333333333333332,
2020-03-28,ME,211.0,3394.0,,,,,36.0,1.0,,0.0,0.0,138.0,2020-03-28,3,blue,0.9714285714285715,
2020-04-04,ME,456.0,6088.0,,83.0,,,140.0,10.0,83.0,1.0,8.0,245.0,2020-04-04,4,blue,0.7753623188405796,9.0
2020-04-11,ME,616.0,6088.0,,114.0,,,256.0,19.0,114.0,2.0,3.0,160.0,2020-04-11,5,blue,-0.34693877551020413,0.8999999999999999
2020-04-18,ME,847.0,14076.0,49.0,136.0,20.0,,382.0,32.0,136.0,3.0,3.0,231.0,2020-04-18,6,blue,0.4437500000000001,0.6842105263157894
2020-04-25,ME,990.0,16784.0,39.0,156.0,17.0,,519.0,50.0,156.0,3.0,4.0,143.0,2020-04-25,7,blue,-0.38095238095238093,0.5625
2020-05-02,ME,1152.0,19546.0,36.0,181.0,19.0,,689.0,56.0,181.0,1.0,4.0,162.0,2020-05-02,8,blue,0.13286713286713292,0.1200000000000001
2020-05-09,ME,1408.0,22092.0,43.0,198.0,22.0,,857.0,64.0,198.0,1.0,4.0,256.0,2020-05-09,9,blue,0.5802469135802468,0.1428571428571428
2020-05-16,ME,1790.0,22092.0,43.0,198.0,22.0,,857.0,74.0,198.0,1.0,4.0,382.0,2020-05-16,10,red,0.49077095743762406,0.1428571428571428
2020-05-23,ME,2367.0,22092.0,43.0,198.0,22.0,,857.0,85.0,198.0,1.0,4.0,577.0,2020-05-23,11,red,0.5086661486661486,0.1428571428571428
2020-03-01,MI,9.0,,,,,,,,,,,1.0,2020-03-01,0,blue,,
2020-03-08,MI,168.0,26.0,,,,,,,,0.0,0.0,159.0,2020-03-08,1,blue,158.0,
2020-03-15,MI,1480.0,205.0,,,,,,,,0.0,0.0,1312.0,2020-03-15,2,blue,7.251572327044025,
2020-03-22,MI,5098.0,3712.0,,,,,,8.0,,3.0,0.0,3618.0,2020-03-22,3,blue,1.7576219512195124,
2020-03-29,MI,10010.0,15676.0,,,,,,132.0,,40.0,0.0,4912.0,2020-03-29,4,blue,0.3576561636263129,15.5
2020-04-05,MI,17567.0,40331.0,,,,,56.0,617.0,,77.0,0.0,7557.0,2020-04-05,5,blue,0.5384771986970684,3.674242424242424
2020-04-12,MI,24638.0,54799.0,3636.0,,1582.0,,433.0,1487.0,,95.0,0.0,7071.0,2020-04-12,6,blue,-0.06431123461691146,1.4100486223662885
2020-04-19,MI,31424.0,78237.0,3403.0,,1344.0,,3237.0,2391.0,,83.0,0.0,6786.0,2020-04-19,7,blue,-0.04030547305897325,0.6079354404841963
2020-04-26,MI,37778.0,113228.0,2757.0,,1099.0,,8342.0,3315.0,,41.0,0.0,6354.0,2020-04-26,8,blue,-0.06366047745358094,0.3864491844416562
2020-05-03,MI,43754.0,168778.0,2100.0,,850.0,,15659.0,4049.0,,29.0,0.0,5976.0,2020-05-03,9,blue,-0.059490084985835745,0.22141779788838623
2020-05-10,MI,47138.0,238540.0,1437.0,,674.0,,22686.0,4551.0,,25.0,0.0,3384.0,2020-05-10,10,blue,-0.4337349397590361,0.12398122993331695
2020-05-17,MI,49308.0,238540.0,1437.0,,674.0,,22686.0,5116.0,,25.0,0.0,2170.0,2020-05-17,11,red,-0.35888596880439605,0.12398122993331695
2020-05-24,MI,50667.0,238540.0,1437.0,,674.0,,22686.0,5751.0,,25.0,0.0,1359.0,2020-05-24,12,red,-0.3738557629953241,0.12398122993331695
2020-03-06,MN,0.0,36.0,,,,,,,,,,1.0,2020-03-06,0,blue,,
2020-03-13,MN,14.0,541.0,,,,,,,,0.0,0.0,14.0,2020-03-13,1,blue,13.0,
2020-03-20,MN,115.0,3741.0,,,,,,,,0.0,0.0,101.0,2020-03-20,2,blue,6.214285714285714,
2020-03-27,MN,398.0,13605.0,34.0,51.0,,17.0,180.0,4.0,51.0,2.0,10.0,283.0,2020-03-27,3,blue,1.8019801980198018,
2020-04-03,MN,789.0,23438.0,86.0,156.0,40.0,40.0,,22.0,156.0,4.0,18.0,391.0,2020-04-03,4,blue,0.3816254416961131,4.5
2020-04-10,MN,1336.0,32558.0,143.0,317.0,64.0,131.0,732.0,57.0,317.0,7.0,24.0,547.0,2020-04-10,5,blue,0.3989769820971867,1.5909090909090908
2020-04-17,MN,2071.0,40982.0,223.0,518.0,106.0,202.0,1066.0,111.0,518.0,17.0,43.0,735.0,2020-04-17,6,blue,0.34369287020109685,0.9473684210526316
2020-04-24,MN,3185.0,50602.0,278.0,756.0,111.0,281.0,1594.0,221.0,756.0,21.0,44.0,1114.0,2020-04-24,7,blue,0.5156462585034014,0.9909909909909911
2020-05-01,MN,5730.0,69099.0,369.0,1096.0,118.0,380.0,2282.0,371.0,1096.0,28.0,52.0,2545.0,2020-05-01,8,blue,1.284560143626571,0.6787330316742082
2020-05-08,MN,10088.0,91182.0,473.0,1549.0,198.0,540.0,5697.0,534.0,1549.0,26.0,90.0,4358.0,2020-05-08,9,blue,0.7123772102161101,0.4393530997304582
2020-05-15,MN,18050.0,91182.0,473.0,1549.0,198.0,540.0,5697.0,769.0,1549.0,26.0,90.0,7962.0,2020-05-15,10,red,0.8268137968982023,0.4393530997304582
2020-05-22,MN,32413.0,91182.0,473.0,1549.0,198.0,540.0,5697.0,1107.0,1549.0,26.0,90.0,14363.0,2020-05-22,11,red,0.803926479561784,0.4393530997304582
2020-03-07,MO,0.0,,,,,,,,,,,1.0,2020-03-07,0,blue,,
2020-03-14,MO,4.0,90.0,,,,,,0.0,,0.0,0.0,4.0,2020-03-14,1,blue,3.0,
2020-03-21,MO,73.0,369.0,,,,,,3.0,,2.0,0.0,69.0,2020-03-21,2,blue,16.25,inf
2020-03-28,MO,838.0,10082.0,,,,,,10.0,,2.0,0.0,765.0,2020-03-28,3,blue,10.08695652173913,2.3333333333333335
2020-04-04,MO,2291.0,22614.0,413.0,,,,,24.0,,5.0,0.0,1453.0,2020-04-04,4,blue,0.8993464052287581,1.4
2020-04-11,MO,4024.0,39148.0,506.0,,,,,109.0,,13.0,0.0,1733.0,2020-04-11,5,blue,0.1927047487955953,3.541666666666667
2020-04-18,MO,5517.0,48242.0,875.0,,,,,175.0,,10.0,0.0,1493.0,2020-04-18,6,blue,-0.13848817080207732,0.6055045871559632
2020-04-25,MO,6826.0,60392.0,850.0,,,,,273.0,,11.0,0.0,1309.0,2020-04-25,7,blue,-0.1232417950435365,0.56
2020-05-02,MO,8154.0,74590.0,896.0,,,,,351.0,,14.0,0.0,1328.0,2020-05-02,8,blue,0.014514896867838134,0.2857142857142858
2020-05-09,MO,9666.0,99232.0,855.0,,,,,472.0,,23.0,0.0,1512.0,2020-05-09,9,blue,0.13855421686746983,0.3447293447293447
2020-05-16,MO,11350.0,99232.0,855.0,,,,,635.0,,23.0,0.0,1684.0,2020-05-16,10,red,0.11374635286754349,0.3447293447293447
2020-05-23,MO,13234.0,99232.0,855.0,,,,,854.0,,23.0,0.0,1884.0,2020-05-23,11,red,0.11870792566752877,0.3447293447293447
2020-03-07,MS,0.0,,,,,,,,,,,1.0,2020-03-07,0,blue,,
2020-03-14,MS,6.0,84.0,,,,,,,,0.0,0.0,6.0,2020-03-14,1,blue,5.0,
2020-03-21,MS,140.0,695.0,,,,,,1.0,,0.0,0.0,134.0,2020-03-21,2,blue,21.333333333333332,
2020-03-28,MS,663.0,2560.0,,219.0,,,,13.0,219.0,5.0,34.0,523.0,2020-03-28,3,blue,2.9029850746268657,12.0
2020-04-04,MS,1455.0,5133.0,,436.0,,,,35.0,436.0,6.0,16.0,792.0,2020-04-04,4,blue,0.5143403441682601,1.6923076923076925
2020-04-11,MS,2642.0,18632.0,,528.0,,,,93.0,528.0,11.0,46.0,1187.0,2020-04-11,5,blue,0.4987373737373737,1.657142857142857
2020-04-18,MS,3974.0,34791.0,,782.0,154.0,,,152.0,782.0,12.0,46.0,1332.0,2020-04-18,6,blue,0.12215669755686598,0.6344086021505377
2020-04-25,MS,5718.0,53239.0,649.0,996.0,152.0,,,221.0,996.0,12.0,26.0,1744.0,2020-04-25,7,blue,0.30930930930930933,0.45394736842105265
2020-05-02,MS,7441.0,67034.0,632.0,1265.0,142.0,,3413.0,291.0,1265.0,10.0,39.0,1723.0,2020-05-02,8,blue,-0.012041284403669694,0.3167420814479638
2020-05-09,MS,9378.0,72101.0,607.0,1512.0,133.0,,4421.0,421.0,1512.0,12.0,34.0,1937.0,2020-05-09,9,blue,0.12420197330237959,0.4467353951890034
2020-05-16,MS,11503.0,72101.0,607.0,1512.0,133.0,,4421.0,610.0,1512.0,12.0,34.0,2125.0,2020-05-16,10,red,0.09695332176116973,0.4467353951890034
2020-05-23,MS,13846.0,72101.0,607.0,1512.0,133.0,,4421.0,883.0,1512.0,12.0,34.0,2343.0,2020-05-23,11,red,0.10240305206941172,0.4467353951890034
2020-03-07,MT,0.0,11.0,,,,,,,,,,1.0,2020-03-07,0,blue,,
2020-03-14,MT,5.0,103.0,,,,,,,,0.0,0.0,5.0,2020-03-14,1,blue,4.0,
2020-03-21,MT,20.0,1146.0,,,,,,,,0.0,0.0,15.0,2020-03-21,2,blue,2.0,
2020-03-28,MT,129.0,3256.0,,7.0,,,,1.0,7.0,1.0,0.0,109.0,2020-03-28,3,blue,6.266666666666667,
2020-04-04,MT,265.0,5912.0,,24.0,,,,5.0,24.0,0.0,0.0,136.0,2020-04-04,4,blue,0.2477064220183487,4.0
2020-04-11,MT,377.0,8204.0,21.0,46.0,,,169.0,6.0,46.0,0.0,5.0,112.0,2020-04-11,5,blue,-0.17647058823529416,0.19999999999999996
2020-04-18,MT,426.0,10143.0,17.0,55.0,,,234.0,10.0,55.0,2.0,1.0,49.0,2020-04-18,6,blue,-0.5625,0.6666666666666667
2020-04-25,MT,445.0,12052.0,11.0,61.0,,,339.0,14.0,61.0,0.0,2.0,19.0,2020-04-25,7,blue,-0.6122448979591837,0.3999999999999999
2020-05-02,MT,455.0,14180.0,5.0,61.0,,,404.0,16.0,61.0,0.0,0.0,10.0,2020-05-02,8,blue,-0.4736842105263158,0.1428571428571428
2020-05-09,MT,458.0,20871.0,4.0,62.0,,,422.0,16.0,62.0,0.0,0.0,3.0,2020-05-09,9,blue,-0.7,0.0
2020-05-16,MT,460.0,20871.0,4.0,62.0,,,422.0,16.0,62.0,0.0,0.0,2.0,2020-05-16,10,red,-0.6547368421052631,0.0
2020-05-23,MT,461.0,20871.0,4.0,62.0,,,422.0,16.0,62.0,0.0,0.0,1.0,2020-05-23,11,red,-0.6637894736842105,0.0
2020-03-04,NC,1.0,,,,,,,,,,,1.0,2020-03-04,0,blue,,
2020-03-11,NC,7.0,,,,,,,,,0.0,0.0,6.0,2020-03-11,1,blue,5.0,
2020-03-18,NC,63.0,1787.0,,,,,,0.0,,0.0,0.0,56.0,2020-03-18,2,blue,8.333333333333334,
2020-03-25,NC,504.0,9985.0,29.0,,,,,1.0,,1.0,0.0,441.0,2020-03-25,3,blue,6.875,inf
2020-04-01,NC,1584.0,24659.0,204.0,,,,,10.0,,2.0,0.0,1080.0,2020-04-01,4,blue,1.4489795918367347,9.0
2020-04-08,NC,3426.0,39561.0,386.0,,,,,53.0,,7.0,0.0,1842.0,2020-04-08,5,blue,0.7055555555555555,4.3
2020-04-15,NC,5123.0,62704.0,431.0,,,,,117.0,,9.0,0.0,1697.0,2020-04-15,6,blue,-0.07871878393051035,1.207547169811321
2020-04-22,NC,7220.0,83116.0,434.0,,,,,242.0,,29.0,0.0,2097.0,2020-04-22,7,blue,0.23571007660577492,1.0683760683760686
2020-04-29,NC,9948.0,108492.0,551.0,,,,,354.0,,12.0,0.0,2728.0,2020-04-29,8,blue,0.3009060562708632,0.4628099173553719
2020-05-06,NC,12758.0,151724.0,516.0,,,,,477.0,,25.0,0.0,2810.0,2020-05-06,9,blue,0.030058651026392935,0.34745762711864403
2020-05-13,NC,15805.0,151724.0,516.0,,,,,643.0,,25.0,0.0,3047.0,2020-05-13,10,red,0.08422813207528698,0.34745762711864403
2020-05-20,NC,19076.0,151724.0,516.0,,,,,867.0,,25.0,0.0,3271.0,2020-05-20,11,red,0.07339423586550818,0.34745762711864403
2020-03-07,ND,0.0,0.0,,,,,,,,,,1.0,2020-03-07,0,blue,,
2020-03-14,ND,1.0,54.0,,,,,,0.0,,0.0,0.0,1.0,2020-03-14,1,blue,0.0,
2020-03-21,ND,28.0,1141.0,,3.0,,,,0.0,3.0,0.0,3.0,27.0,2020-03-21,2,blue,26.0,
2020-03-28,ND,83.0,2809.0,,16.0,,,16.0,1.0,16.0,1.0,3.0,55.0,2020-03-28,3,blue,1.0370370370370372,inf
2020-04-04,ND,186.0,6021.0,,30.0,,,63.0,3.0,30.0,0.0,1.0,103.0,2020-04-04,4,blue,0.8727272727272728,2.0
2020-04-11,ND,293.0,9787.0,10.0,36.0,,,119.0,7.0,36.0,1.0,0.0,107.0,2020-04-11,5,blue,0.03883495145631066,1.3333333333333335
2020-04-18,ND,528.0,12435.0,13.0,47.0,,,183.0,9.0,47.0,0.0,0.0,235.0,2020-04-18,6,blue,1.1962616822429908,0.2857142857142858
2020-04-25,ND,803.0,18547.0,17.0,70.0,,,310.0,16.0,70.0,1.0,3.0,275.0,2020-04-25,7,blue,0.17021276595744683,0.7777777777777777
2020-05-02,ND,1153.0,30394.0,32.0,90.0,,,510.0,24.0,90.0,1.0,4.0,350.0,2020-05-02,8,blue,0.2727272727272727,0.5
2020-05-09,ND,1464.0,42469.0,34.0,110.0,,,762.0,35.0,110.0,2.0,6.0,311.0,2020-05-09,9,blue,-0.11142857142857143,0.45833333333333326
2020-05-16,ND,1765.0,42469.0,34.0,110.0,,,762.0,52.0,110.0,2.0,6.0,301.0,2020-05-16,10,red,-0.034597402597402606,0.45833333333333326
2020-05-23,ND,2051.0,42469.0,34.0,110.0,,,762.0,76.0,110.0,2.0,6.0,286.0,2020-05-23,11,red,-0.04996363636363638,0.45833333333333326
2020-03-05,NE,0.0,17.0,,,,,,,,,,1.0,2020-03-05,0,blue,,
2020-03-12,NE,10.0,80.0,,,,,,,,0.0,0.0,10.0,2020-03-12,1,blue,9.0,
2020-03-19,NE,27.0,240.0,,,,,,0.0,,0.0,0.0,17.0,2020-03-19,2,blue,0.7,
2020-03-26,NE,73.0,1584.0,,,,,,0.0,,0.0,0.0,46.0,2020-03-26,3,blue,1.7058823529411766,
2020-04-02,NE,246.0,3978.0,,,,,,5.0,,1.0,0.0,173.0,2020-04-02,4,blue,2.760869565217391,inf
2020-04-09,NE,567.0,8116.0,,,,,,14.0,,2.0,0.0,321.0,2020-04-09,5,blue,0.8554913294797688,1.7999999999999998
2020-04-16,NE,952.0,11342.0,,,,,,21.0,,1.0,0.0,385.0,2020-04-16,6,blue,0.19937694704049846,0.5
2020-04-23,NE,1813.0,15547.0,,,,,,45.0,,7.0,0.0,861.0,2020-04-23,7,blue,1.2363636363636363,1.1428571428571428
2020-04-30,NE,3784.0,21537.0,,,,,,68.0,,13.0,0.0,1971.0,2020-04-30,8,blue,1.289198606271777,0.5111111111111111
2020-05-07,NE,6771.0,30987.0,,,,,,86.0,,4.0,0.0,2987.0,2020-05-07,9,blue,0.5154743784880771,0.2647058823529411
2020-05-14,NE,11760.0,30987.0,,,,,,109.0,,4.0,0.0,4989.0,2020-05-14,10,red,0.6702192240448172,0.2647058823529411
2020-05-21,NE,19939.0,30987.0,,,,,,138.0,,4.0,0.0,8179.0,2020-05-21,11,red,0.6392702549334692,0.2647058823529411
2020-03-04,NH,2.0,10.0,,,,,,,,,,1.0,2020-03-04,0,blue,,
2020-03-11,NH,4.0,38.0,,,,,,,,0.0,0.0,2.0,2020-03-11,1,blue,1.0,
2020-03-18,NH,26.0,513.0,,,,,,,,0.0,0.0,22.0,2020-03-18,2,blue,10.0,
2020-03-25,NH,108.0,2356.0,,13.0,,,,1.0,13.0,0.0,2.0,82.0,2020-03-25,3,blue,2.727272727272727,
2020-04-01,NH,415.0,5985.0,,56.0,,,56.0,4.0,56.0,1.0,11.0,307.0,2020-04-01,4,blue,2.7439024390243905,3.0
2020-04-08,NH,788.0,8389.0,,118.0,,,211.0,18.0,118.0,9.0,15.0,373.0,2020-04-08,5,blue,0.21498371335504896,3.5
2020-04-15,NH,1139.0,11027.0,70.0,178.0,,,365.0,32.0,178.0,9.0,26.0,351.0,2020-04-15,6,blue,-0.05898123324396787,0.7777777777777777
2020-04-22,NH,1491.0,13550.0,94.0,206.0,,,546.0,42.0,206.0,0.0,0.0,352.0,2020-04-22,7,blue,0.002849002849002913,0.3125
2020-04-29,NH,2010.0,18736.0,106.0,249.0,,,936.0,60.0,249.0,0.0,3.0,519.0,2020-04-29,8,blue,0.4744318181818181,0.4285714285714286
2020-05-06,NH,2636.0,25097.0,115.0,295.0,,82.0,1105.0,92.0,295.0,6.0,9.0,626.0,2020-05-06,9,blue,0.20616570327552997,0.5333333333333334
2020-05-13,NH,3425.0,25097.0,115.0,295.0,,82.0,1105.0,142.0,295.0,6.0,9.0,789.0,2020-05-13,10,red,0.2598189262567876,0.5333333333333334
2020-05-20,NH,4411.0,25097.0,115.0,295.0,,82.0,1105.0,218.0,295.0,6.0,9.0,986.0,2020-05-20,11,red,0.2490882816605361,0.5333333333333334
2020-03-05,NJ,1.0,,,,,,,,,,,1.0,2020-03-05,0,blue,,
2020-03-12,NJ,30.0,74.0,,,,,,1.0,,0.0,0.0,29.0,2020-03-12,1,blue,28.0,
2020-03-19,NJ,742.0,210.0,,,,,,9.0,,4.0,0.0,712.0,2020-03-19,2,blue,23.551724137931036,8.0
2020-03-26,NJ,6876.0,13661.0,1080.0,,,,,81.0,,19.0,0.0,6134.0,2020-03-26,3,blue,7.615168539325843,8.0
2020-04-02,NJ,25590.0,33520.0,2000.0,,,,,537.0,,182.0,0.0,18714.0,2020-04-02,4,blue,2.05086403651777,5.62962962962963
2020-04-09,NJ,51027.0,56165.0,7363.0,,1523.0,,,1700.0,,196.0,0.0,25437.0,2020-04-09,5,blue,0.3592497595383135,2.165735567970205
2020-04-16,NJ,75317.0,76513.0,8224.0,,2014.0,,,3518.0,,362.0,0.0,24290.0,2020-04-16,6,blue,-0.04509179541612607,1.0694117647058823
2020-04-23,NJ,99989.0,100159.0,7240.0,,1990.0,,,5368.0,,305.0,0.0,24672.0,2020-04-23,7,blue,0.0157266364759161,0.525866969869244
2020-04-30,NJ,118652.0,129266.0,6137.0,,1765.0,,15642.0,7228.0,,458.0,0.0,18663.0,2020-04-30,8,blue,-0.24355544747081714,0.34649776453055137
2020-05-07,NJ,133635.0,159023.0,4996.0,,1470.0,,15642.0,8801.0,,252.0,0.0,14983.0,2020-05-07,9,blue,-0.1971815892407437,0.21762589928057552
2020-05-14,NJ,145525.0,159023.0,4996.0,,1470.0,,15642.0,10717.0,,252.0,0.0,11890.0,2020-05-14,10,red,-0.2064563608867584,0.21762589928057552
2020-05-21,NJ,154983.0,159023.0,4996.0,,1470.0,,15642.0,13050.0,,252.0,0.0,9458.0,2020-05-21,11,red,-0.20460140655755546,0.21762589928057552
2020-03-06,NM,0.0,16.0,,,,,,,,,,1.0,2020-03-06,0,blue,,
2020-03-13,NM,10.0,190.0,,,,,,,,0.0,0.0,10.0,2020-03-13,1,blue,9.0,
2020-03-20,NM,43.0,3771.0,,,,,,,,0.0,0.0,33.0,2020-03-20,2,blue,2.3,
2020-03-27,NM,136.0,8377.0,,,,,,1.0,,0.0,0.0,93.0,2020-03-27,3,blue,1.8181818181818183,
2020-04-03,NM,403.0,14375.0,31.0,,,,26.0,7.0,,1.0,0.0,267.0,2020-04-03,4,blue,1.870967741935484,6.0
2020-04-10,NM,1091.0,26007.0,73.0,,,,217.0,19.0,,3.0,0.0,688.0,2020-04-10,5,blue,1.5767790262172285,1.7142857142857144
2020-04-17,NM,1597.0,32891.0,90.0,230.0,,,353.0,44.0,230.0,8.0,15.0,506.0,2020-04-17,6,blue,-0.26453488372093026,1.3157894736842106
2020-04-24,NM,2379.0,44184.0,123.0,367.0,,,573.0,78.0,367.0,7.0,36.0,782.0,2020-04-24,7,blue,0.5454545454545454,0.7727272727272727
2020-05-01,NM,3411.0,64458.0,172.0,536.0,,,760.0,123.0,536.0,11.0,0.0,1032.0,2020-05-01,8,blue,0.31969309462915607,0.5769230769230769
2020-05-08,NM,4493.0,84539.0,197.0,760.0,,,1125.0,172.0,760.0,3.0,73.0,1082.0,2020-05-08,9,blue,0.04844961240310086,0.39837398373983746
2020-05-15,NM,5687.0,84539.0,197.0,760.0,,,1125.0,241.0,760.0,3.0,73.0,1194.0,2020-05-15,10,red,0.10269830884831191,0.39837398373983746
2020-05-22,NM,6991.0,84539.0,197.0,760.0,,,1125.0,338.0,760.0,3.0,73.0,1304.0,2020-05-22,11,red,0.0918485695592697,0.39837398373983746
2020-03-05,NV,1.0,14.0,,,,,,,,,,1.0,2020-03-05,0,blue,,
2020-03-12,NV,7.0,168.0,,,,,,,,0.0,0.0,6.0,2020-03-12,1,blue,5.0,
2020-03-19,NV,95.0,1626.0,,,,,,1.0,,0.0,0.0,88.0,2020-03-19,2,blue,13.666666666666666,
2020-03-26,NV,420.0,4697.0,,,,,,10.0,,4.0,0.0,325.0,2020-03-26,3,blue,2.6931818181818183,9.0
2020-04-02,NV,1458.0,12588.0,,,,,,38.0,,12.0,0.0,1038.0,2020-04-02,4,blue,2.193846153846154,2.8
2020-04-09,NV,2456.0,19315.0,282.0,,,,,80.0,,9.0,0.0,998.0,2020-04-09,5,blue,-0.038535645472061675,1.1052631578947367
2020-04-16,NV,3321.0,25130.0,,,,,,137.0,,6.0,0.0,865.0,2020-04-16,6,blue,-0.13326653306613223,0.7124999999999999
2020-04-23,NV,4208.0,30541.0,,,,,,189.0,,17.0,0.0,887.0,2020-04-23,7,blue,0.025433526011560792,0.3795620437956204
2020-04-30,NV,4998.0,36988.0,,,,,158.0,237.0,,7.0,0.0,790.0,2020-04-30,8,blue,-0.1093573844419391,0.25396825396825395
2020-05-07,NV,5766.0,45591.0,,,,,205.0,286.0,,10.0,0.0,768.0,2020-05-07,9,blue,-0.027848101265822822,0.2067510548523206
2020-05-14,NV,6501.0,45591.0,,,,,205.0,346.0,,10.0,0.0,735.0,2020-05-14,10,red,-0.04414995790104608,0.2067510548523206
2020-05-21,NV,7206.0,45591.0,,,,,205.0,418.0,,10.0,0.0,705.0,2020-05-21,11,red,-0.04088958657400143,0.2067510548523206
2020-03-04,NY,6.0,48.0,,,,,,,,,,1.0,2020-03-04,0,blue,,
2020-03-11,NY,216.0,92.0,,,,,,,,0.0,0.0,210.0,2020-03-11,1,blue,209.0,
2020-03-18,NY,2382.0,12215.0,416.0,,,,,12.0,,5.0,0.0,2166.0,2020-03-18,2,blue,9.314285714285715,
2020-03-25,NY,30811.0,72668.0,4079.0,3805.0,,,,285.0,3805.0,75.0,571.0,28429.0,2020-03-25,3,blue,12.125115420129271,22.75
2020-04-01,NY,83712.0,137168.0,12226.0,18368.0,3022.0,,6142.0,1941.0,18368.0,391.0,2464.0,52901.0,2020-04-01,4,blue,0.8608111435505998,5.810526315789474
2020-04-08,NY,149316.0,215837.0,18079.0,34432.0,4593.0,,16353.0,6268.0,34432.0,779.0,2349.0,65604.0,2020-04-08,5,blue,0.24012778586416128,2.2292632663575476
2020-04-15,NY,213779.0,312233.0,18535.0,46539.0,5225.0,,28004.0,11586.0,46539.0,752.0,2253.0,64463.0,2020-04-15,6,blue,-0.01739223218096453,0.8484365028717293
2020-04-22,NY,257216.0,412766.0,15599.0,57907.0,5016.0,,42308.0,15302.0,57907.0,474.0,1381.0,43437.0,2020-04-22,7,blue,-0.32617160231450604,0.32073191783186594
2020-04-29,NY,299691.0,572790.0,12159.0,65397.0,,,53238.0,18015.0,65397.0,377.0,1079.0,42475.0,2020-04-29,8,blue,-0.02214701751962611,0.17729708534832045
2020-05-06,NY,323978.0,731943.0,9179.0,70539.0,,,54597.0,19877.0,70539.0,232.0,672.0,24287.0,2020-05-06,9,blue,-0.42820482636845203,0.10335831251734673
2020-05-13,NY,339838.0,731943.0,9179.0,70539.0,,,54597.0,21932.0,70539.0,232.0,672.0,15860.0,2020-05-13,10,red,-0.3469932645986869,0.10335831251734673
2020-05-20,NY,349938.0,731943.0,9179.0,70539.0,,,54597.0,24199.0,70539.0,232.0,672.0,10100.0,2020-05-20,11,red,-0.36323557695263997,0.10335831251734673
2020-03-05,OH,0.0,7.0,,,,,,,,,,1.0,2020-03-05,0,blue,,
2020-03-12,OH,5.0,30.0,,,,,,,,0.0,0.0,5.0,2020-03-12,1,blue,4.0,
2020-03-19,OH,119.0,140.0,,,,,,,,0.0,0.0,114.0,2020-03-19,2,blue,21.8,
2020-03-26,OH,867.0,16449.0,,223.0,,91.0,,15.0,223.0,5.0,41.0,748.0,2020-03-26,3,blue,5.56140350877193,
2020-04-02,OH,2902.0,32016.0,,802.0,,260.0,,81.0,802.0,16.0,123.0,2035.0,2020-04-02,4,blue,1.7205882352941178,4.4
2020-04-09,OH,5512.0,50473.0,,1612.0,,497.0,,213.0,1612.0,20.0,117.0,2610.0,2020-04-09,5,blue,0.2825552825552826,1.6296296296296298
2020-04-16,OH,8414.0,66426.0,,2331.0,,707.0,,389.0,2331.0,28.0,94.0,2902.0,2020-04-16,6,blue,0.11187739463601543,0.8262910798122065
2020-04-23,OH,14694.0,88183.0,,2960.0,,900.0,,656.0,2960.0,46.0,78.0,6280.0,2020-04-23,7,blue,1.1640248104755342,0.6863753213367609
2020-04-30,OH,18027.0,115863.0,,3533.0,,1035.0,,975.0,3533.0,38.0,112.0,3333.0,2020-04-30,8,blue,-0.46926751592356686,0.4862804878048781
2020-05-07,OH,22131.0,153928.0,1057.0,4140.0,418.0,1167.0,,1271.0,4140.0,46.0,88.0,4104.0,2020-05-07,9,blue,0.23132313231323143,0.30358974358974367
2020-05-14,OH,26610.0,153928.0,1057.0,4140.0,418.0,1167.0,,1657.0,4140.0,46.0,88.0,4479.0,2020-05-14,10,red,0.09120500266587177,0.30358974358974367
2020-05-21,OH,31624.0,153928.0,1057.0,4140.0,418.0,1167.0,,2161.0,4140.0,46.0,88.0,5014.0,2020-05-21,11,red,0.11922862859534371,0.30358974358974367
2020-03-07,OK,1.0,,,,,,,,,,,1.0,2020-03-07,0,blue,,
2020-03-14,OK,4.0,36.0,,,,,,,,0.0,0.0,3.0,2020-03-14,1,blue,2.0,
2020-03-21,OK,53.0,560.0,,10.0,,,,1.0,10.0,0.0,10.0,49.0,2020-03-21,2,blue,15.333333333333332,
2020-03-28,OK,377.0,1180.0,,126.0,,,,15.0,126.0,7.0,21.0,324.0,2020-03-28,3,blue,5.612244897959184,14.0
2020-04-04,OK,1159.0,1362.0,,316.0,,,,42.0,316.0,4.0,27.0,782.0,2020-04-04,4,blue,1.4135802469135803,1.7999999999999998
2020-04-11,OK,1868.0,20790.0,383.0,446.0,191.0,,865.0,94.0,446.0,6.0,18.0,709.0,2020-04-11,5,blue,-0.09335038363171355,1.2380952380952381
2020-04-18,OK,2570.0,32966.0,307.0,541.0,136.0,,1515.0,139.0,541.0,3.0,13.0,702.0,2020-04-18,6,blue,-0.009873060648801113,0.47872340425531923
2020-04-25,OK,3193.0,49891.0,306.0,637.0,150.0,,2080.0,194.0,637.0,6.0,0.0,623.0,2020-04-25,7,blue,-0.1125356125356125,0.39568345323741005
2020-05-02,OK,3851.0,59804.0,236.0,743.0,92.0,,2554.0,238.0,743.0,8.0,28.0,658.0,2020-05-02,8,blue,0.05617977528089879,0.2268041237113403
2020-05-09,OK,4490.0,91379.0,177.0,822.0,93.0,,3154.0,270.0,822.0,4.0,17.0,639.0,2020-05-09,9,blue,-0.028875379939209744,0.134453781512605
2020-05-16,OK,5122.0,91379.0,177.0,822.0,93.0,,3154.0,307.0,822.0,4.0,17.0,632.0,2020-05-16,10,red,-0.011864348895188037,0.134453781512605
2020-05-23,OK,5745.0,91379.0,177.0,822.0,93.0,,3154.0,349.0,822.0,4.0,17.0,623.0,2020-05-23,11,red,-0.015266555103992378,0.134453781512605
2020-03-04,OR,3.0,29.0,,,,,,,,,,1.0,2020-03-04,0,blue,,
2020-03-11,OR,19.0,286.0,,,,,,,,0.0,0.0,16.0,2020-03-11,1,blue,15.0,
2020-03-18,OR,75.0,1118.0,,,,,,3.0,,3.0,0.0,56.0,2020-03-18,2,blue,2.5,
2020-03-25,OR,209.0,4350.0,,61.0,,,,8.0,61.0,0.0,0.0,134.0,2020-03-25,3,blue,1.3928571428571428,1.6666666666666665
2020-04-01,OR,736.0,13136.0,132.0,154.0,,,,18.0,154.0,0.0,0.0,527.0,2020-04-01,4,blue,2.9328358208955225,1.25
2020-04-08,OR,1239.0,23325.0,156.0,324.0,61.0,,,33.0,324.0,0.0,0.0,503.0,2020-04-08,5,blue,-0.04554079696394686,0.8333333333333333
2020-04-15,OR,1663.0,31688.0,305.0,401.0,95.0,,,58.0,401.0,3.0,20.0,424.0,2020-04-15,6,blue,-0.15705765407554673,0.7575757575757576
2020-04-22,OR,2059.0,39126.0,302.0,488.0,67.0,,,78.0,488.0,0.0,17.0,396.0,2020-04-22,7,blue,-0.06603773584905659,0.3448275862068966
2020-04-29,OR,2446.0,52026.0,227.0,569.0,56.0,,,101.0,569.0,9.0,15.0,387.0,2020-04-29,8,blue,-0.022727272727272707,0.29487179487179493
2020-05-06,OR,2916.0,65060.0,191.0,641.0,47.0,,1125.0,115.0,641.0,2.0,19.0,470.0,2020-05-06,9,blue,0.21447028423772618,0.13861386138613851
2020-05-13,OR,3465.0,65060.0,191.0,641.0,47.0,,1125.0,131.0,641.0,2.0,19.0,549.0,2020-05-13,10,red,0.16703077284472642,0.13861386138613851
2020-05-20,OR,4111.0,65060.0,191.0,641.0,47.0,,1125.0,150.0,641.0,2.0,19.0,646.0,2020-05-20,11,red,0.1765186751233264,0.13861386138613851
2020-03-06,PA,2.0,,,,,,,,,,,1.0,2020-03-06,0,blue,,
2020-03-13,PA,41.0,140.0,,,,,,,,0.0,0.0,39.0,2020-03-13,1,blue,38.0,
2020-03-20,PA,268.0,2574.0,,,,,,1.0,,0.0,0.0,227.0,2020-03-20,2,blue,4.82051282051282,
2020-03-27,PA,2218.0,21016.0,,241.0,,,,22.0,241.0,6.0,241.0,1950.0,2020-03-27,3,blue,7.590308370044053,21.0
2020-04-03,PA,8420.0,53695.0,,852.0,,,,102.0,852.0,12.0,122.0,6202.0,2020-04-03,4,blue,2.1805128205128206,3.6363636363636367
2020-04-10,PA,19979.0,93040.0,2072.0,,,,,416.0,,78.0,0.0,11559.0,2020-04-10,5,blue,0.86375362786198,3.0784313725490193
2020-04-17,PA,29441.0,117932.0,2603.0,,,,,756.0,,49.0,0.0,9462.0,2020-04-17,6,blue,-0.18141707760186865,0.8173076923076923
2020-04-24,PA,38652.0,147491.0,2746.0,,,,,1492.0,,71.0,0.0,9211.0,2020-04-24,7,blue,-0.02652716127668564,0.9735449735449735
2020-05-01,PA,46971.0,180477.0,2683.0,,,,,2354.0,,62.0,0.0,8319.0,2020-05-01,8,blue,-0.0968407339051135,0.5777479892761395
2020-05-08,PA,54238.0,216321.0,2342.0,,,,,3616.0,,200.0,0.0,7267.0,2020-05-08,9,blue,-0.1264575069118884,0.5361087510620222
2020-05-15,PA,60630.0,216321.0,2342.0,,,,,5555.0,,200.0,0.0,6392.0,2020-05-15,10,red,-0.12053415231053341,0.5361087510620222
2020-05-22,PA,66244.0,216321.0,2342.0,,,,,8534.0,,200.0,0.0,5614.0,2020-05-22,11,red,-0.12171882323080441,0.5361087510620222
2020-03-16,PR,5.0,9.0,,,,,,,,,,1.0,2020-03-16,0,blue,,
2020-03-23,PR,31.0,189.0,,,,,,2.0,,1.0,0.0,26.0,2020-03-23,1,blue,25.0,
2020-03-30,PR,174.0,931.0,,,,,,6.0,,1.0,0.0,143.0,2020-03-30,2,blue,4.5,2.0
2020-04-06,PR,513.0,3432.0,,,,,,21.0,,1.0,0.0,339.0,2020-04-06,3,blue,1.3706293706293708,2.5
2020-04-13,PR,903.0,5960.0,,,,,,45.0,,1.0,0.0,390.0,2020-04-13,4,blue,0.1504424778761062,1.1428571428571428
2020-04-20,PR,1252.0,8486.0,,,,,,63.0,,1.0,0.0,349.0,2020-04-20,5,blue,-0.10512820512820509,0.3999999999999999
2020-04-27,PR,1389.0,9313.0,,,,,,84.0,,0.0,0.0,137.0,2020-04-27,6,blue,-0.6074498567335244,0.33333333333333326
2020-05-04,PR,1843.0,9313.0,,,,,,97.0,,0.0,0.0,454.0,2020-05-04,7,blue,2.3138686131386863,0.15476190476190466
2020-05-11,PR,2256.0,,,,,,,113.0,,2.0,0.0,413.0,2020-05-11,8,blue,-0.0903083700440529,0.1649484536082475
2020-05-18,PR,2831.0,,,,,,,132.0,,2.0,0.0,575.0,2020-05-18,9,red,0.390527026592495,0.1649484536082475
2020-05-25,PR,3576.0,,,,,,,154.0,,2.0,0.0,745.0,2020-05-25,10,red,0.29435994726518544,0.1649484536082475
2020-03-01,RI,1.0,,,,,,,,,,,1.0,2020-03-01,0,blue,,
2020-03-08,RI,3.0,30.0,,,,,,,,0.0,0.0,2.0,2020-03-08,1,blue,1.0,
2020-03-15,RI,20.0,271.0,,,,,,,,0.0,0.0,17.0,2020-03-15,2,blue,7.5,
2020-03-22,RI,83.0,932.0,,,,,,,,0.0,0.0,63.0,2020-03-22,3,blue,2.7058823529411766,
2020-03-29,RI,294.0,2840.0,35.0,,9.0,,,3.0,,3.0,0.0,211.0,2020-03-29,4,blue,2.3492063492063493,
2020-04-05,RI,922.0,6259.0,103.0,,33.0,,35.0,25.0,,8.0,0.0,628.0,2020-04-05,5,blue,1.9763033175355451,7.333333333333334
2020-04-12,RI,2665.0,17685.0,201.0,,50.0,,35.0,63.0,,7.0,0.0,1743.0,2020-04-12,6,blue,1.7754777070063694,1.52
2020-04-19,RI,4755.0,29993.0,298.0,605.0,66.0,,244.0,164.0,605.0,14.0,27.0,2090.0,2020-04-19,7,blue,0.1990820424555364,1.6031746031746033
2020-04-26,RI,7439.0,45964.0,258.0,691.0,78.0,,433.0,226.0,691.0,11.0,115.0,2684.0,2020-04-26,8,blue,0.28421052631578947,0.37804878048780477
2020-05-03,RI,9477.0,62450.0,330.0,1013.0,83.0,,565.0,320.0,1013.0,24.0,36.0,2038.0,2020-05-03,9,blue,-0.24068554396423247,0.415929203539823
2020-05-10,RI,11274.0,79939.0,283.0,1251.0,70.0,,809.0,422.0,1251.0,4.0,33.0,1797.0,2020-05-10,10,blue,-0.11825318940137386,0.3187500000000001
2020-05-17,RI,12815.0,79939.0,283.0,1251.0,70.0,,809.0,557.0,1251.0,4.0,33.0,1541.0,2020-05-17,11,red,-0.14273966031394558,0.3187500000000001
2020-05-24,RI,14144.0,79939.0,283.0,1251.0,70.0,,809.0,735.0,1251.0,4.0,33.0,1329.0,2020-05-24,12,red,-0.13784236613143125,0.3187500000000001
2020-03-04,SC,0.0,5.0,,,,,,,,,,1.0,2020-03-04,0,blue,,
2020-03-11,SC,9.0,32.0,,,,,,,,0.0,0.0,9.0,2020-03-11,1,blue,8.0,
2020-03-18,SC,60.0,583.0,,,,,,1.0,,0.0,0.0,51.0,2020-03-18,2,blue,4.666666666666667,
2020-03-25,SC,424.0,2303.0,,102.0,,,,7.0,102.0,2.0,102.0,364.0,2020-03-25,3,blue,6.137254901960785,6.0
2020-04-01,SC,1293.0,5033.0,,102.0,,,,26.0,102.0,4.0,0.0,869.0,2020-04-01,4,blue,1.3873626373626373,2.7142857142857144
2020-04-08,SC,2552.0,22082.0,,241.0,,,,63.0,241.0,12.0,0.0,1259.0,2020-04-08,5,blue,0.4487917146144995,1.423076923076923
2020-04-15,SC,3656.0,31077.0,,675.0,,,,107.0,675.0,10.0,0.0,1104.0,2020-04-15,6,blue,-0.12311358220810165,0.6984126984126984
2020-04-22,SC,4761.0,38350.0,,837.0,,,3317.0,140.0,837.0,16.0,61.0,1105.0,2020-04-22,7,blue,0.0009057971014492239,0.30841121495327095
2020-04-29,SC,5881.0,48336.0,,1000.0,,,3252.0,203.0,1000.0,26.0,56.0,1120.0,2020-04-29,8,blue,0.013574660633484115,0.44999999999999996
2020-05-06,SC,6936.0,70546.0,,1152.0,,,3816.0,305.0,1152.0,22.0,42.0,1055.0,2020-05-06,9,blue,-0.0580357142857143,0.5024630541871922
2020-05-13,SC,7945.0,70546.0,,1152.0,,,3816.0,459.0,1152.0,22.0,42.0,1009.0,2020-05-13,10,red,-0.04371363930187462,0.5024630541871922
2020-05-20,SC,8908.0,70546.0,,1152.0,,,3816.0,690.0,1152.0,22.0,42.0,963.0,2020-05-20,11,red,-0.04657805429864256,0.5024630541871922
2020-03-07,SD,0.0,5.0,,,,,,,,,,1.0,2020-03-07,0,blue,,
2020-03-14,SD,9.0,182.0,,,,,,,,0.0,0.0,9.0,2020-03-14,1,blue,8.0,
2020-03-21,SD,14.0,691.0,,,,,,1.0,,0.0,0.0,5.0,2020-03-21,2,blue,-0.4444444444444444,
2020-03-28,SD,68.0,2592.0,,,,,26.0,1.0,,0.0,0.0,54.0,2020-03-28,3,blue,9.8,0.0
2020-04-04,SD,212.0,5012.0,,19.0,,,76.0,2.0,19.0,0.0,2.0,144.0,2020-04-04,4,blue,1.6666666666666665,1.0
2020-04-11,SD,626.0,7378.0,,33.0,,,189.0,6.0,33.0,0.0,4.0,414.0,2020-04-11,5,blue,1.875,2.0
2020-04-18,SD,1542.0,10118.0,,68.0,,,552.0,7.0,68.0,0.0,5.0,916.0,2020-04-18,6,blue,1.21256038647343,0.16666666666666674
2020-04-25,SD,2147.0,13449.0,61.0,128.0,,,1223.0,10.0,128.0,0.0,4.0,605.0,2020-04-25,7,blue,-0.3395196506550219,0.4285714285714286
2020-05-02,SD,2588.0,15503.0,71.0,187.0,,,1759.0,21.0,187.0,0.0,8.0,441.0,2020-05-02,8,blue,-0.2710743801652893,1.1
2020-05-09,SD,3393.0,19559.0,79.0,253.0,,,2125.0,34.0,253.0,3.0,6.0,805.0,2020-05-09,9,blue,0.8253968253968254,0.6190476190476191
2020-05-16,SD,4686.0,19559.0,79.0,253.0,,,2125.0,56.0,253.0,3.0,6.0,1293.0,2020-05-16,10,red,0.6061025842844024,0.6190476190476191
2020-05-23,SD,6820.0,19559.0,79.0,253.0,,,2125.0,91.0,253.0,3.0,6.0,2134.0,2020-05-23,11,red,0.6499614325068871,0.6190476190476191
2020-03-05,TN,1.0,,,,,,,,,,,1.0,2020-03-05,0,blue,,
2020-03-12,TN,18.0,79.0,,,,,,,,0.0,0.0,17.0,2020-03-12,1,blue,16.0,
2020-03-19,TN,154.0,349.0,,,,,,,,0.0,0.0,136.0,2020-03-19,2,blue,7.0,
2020-03-26,TN,957.0,13952.0,,76.0,,,,3.0,76.0,0.0,23.0,803.0,2020-03-26,3,blue,4.904411764705882,
2020-04-02,TN,2845.0,31766.0,,263.0,,,220.0,32.0,263.0,8.0,63.0,1888.0,2020-04-02,4,blue,1.3511830635118307,9.666666666666666
2020-04-09,TN,4634.0,55215.0,,505.0,,,921.0,94.0,505.0,15.0,56.0,1789.0,2020-04-09,5,blue,-0.052436440677966156,1.9375
2020-04-16,TN,6262.0,78787.0,,691.0,,,2786.0,141.0,691.0,6.0,28.0,1628.0,2020-04-16,6,blue,-0.08999441028507549,0.5
2020-04-23,TN,8266.0,114834.0,,793.0,,,4193.0,170.0,793.0,4.0,18.0,2004.0,2020-04-23,7,blue,0.23095823095823098,0.2056737588652482
2020-04-30,TN,10735.0,166891.0,,1045.0,,,5338.0,199.0,1045.0,4.0,32.0,2469.0,2020-04-30,8,blue,0.23203592814371254,0.1705882352941177
2020-05-07,TN,14096.0,222232.0,,1266.0,,,6783.0,237.0,1266.0,-2.0,45.0,3361.0,2020-05-07,9,blue,0.3612798703928717,0.19095477386934667
2020-05-14,TN,18585.0,222232.0,,1266.0,,,6783.0,283.0,1266.0,-2.0,45.0,4489.0,2020-05-14,10,red,0.3354310819430399,0.19095477386934667
2020-05-21,TN,24603.0,222232.0,,1266.0,,,6783.0,338.0,1266.0,-2.0,45.0,6018.0,2020-05-21,11,red,0.34060083963300625,0.19095477386934667
2020-03-04,TX,1.0,,,,,,,,,,,1.0,2020-03-04,0,blue,,
2020-03-11,TX,21.0,,,,,,,,,0.0,0.0,20.0,2020-03-11,1,blue,19.0,
2020-03-18,TX,83.0,1824.0,,,,,,2.0,,1.0,0.0,62.0,2020-03-18,2,blue,2.1,
2020-03-25,TX,974.0,12520.0,,,,,,12.0,,3.0,0.0,891.0,2020-03-25,3,blue,13.370967741935484,5.0
2020-04-01,TX,3997.0,43860.0,196.0,,,,38.0,58.0,,17.0,0.0,3023.0,2020-04-01,4,blue,2.3928170594837264,3.833333333333333
2020-04-08,TX,9353.0,86905.0,1491.0,,,,38.0,177.0,,23.0,0.0,5356.0,2020-04-08,5,blue,0.7717499173006948,2.0517241379310347
2020-04-15,TX,15492.0,136318.0,1538.0,,,,3150.0,364.0,,46.0,0.0,6139.0,2020-04-15,6,blue,0.14619118745332327,1.056497175141243
2020-04-22,TX,21069.0,195714.0,1678.0,,,,7341.0,543.0,,26.0,0.0,5577.0,2020-04-22,7,blue,-0.09154585437367646,0.4917582417582418
2020-04-29,TX,27054.0,287736.0,1702.0,,,,12507.0,732.0,,42.0,0.0,5985.0,2020-04-29,8,blue,0.07315761161915013,0.34806629834254155
2020-05-06,TX,34422.0,404516.0,1812.0,,,,17622.0,948.0,,42.0,0.0,7368.0,2020-05-06,9,blue,0.231077694235589,0.29508196721311486
2020-05-13,TX,43260.0,404516.0,1812.0,,,,17622.0,1228.0,,42.0,0.0,8838.0,2020-05-13,10,red,0.19949367771230123,0.29508196721311486
2020-05-20,TX,53917.0,404516.0,1812.0,,,,17622.0,1591.0,,42.0,0.0,10657.0,2020-05-20,11,red,0.20581048101695879,0.29508196721311486
2020-03-07,UT,1.0,,,,,,,,,,,1.0,2020-03-07,0,blue,,
2020-03-14,UT,6.0,131.0,,,,,,,,0.0,0.0,5.0,2020-03-14,1,blue,4.0,
2020-03-21,UT,136.0,2424.0,,,,,,0.0,,0.0,0.0,130.0,2020-03-21,2,blue,25.0,
2020-03-28,UT,602.0,10710.0,,,,,,2.0,,0.0,0.0,466.0,2020-03-28,3,blue,2.5846153846153848,inf
2020-04-04,UT,1428.0,26615.0,,117.0,,,,8.0,117.0,1.0,11.0,826.0,2020-04-04,4,blue,0.7725321888412018,3.0
2020-04-11,UT,2206.0,40340.0,,190.0,,,,18.0,190.0,1.0,7.0,778.0,2020-04-11,5,blue,-0.0581113801452785,1.25
2020-04-18,UT,2931.0,57013.0,,251.0,,,565.0,25.0,251.0,2.0,7.0,725.0,2020-04-18,6,blue,-0.06812339331619532,0.38888888888888884
2020-04-25,UT,3948.0,86258.0,,329.0,,,1399.0,41.0,329.0,2.0,14.0,1017.0,2020-04-25,7,blue,0.4027586206896552,0.6399999999999999
2020-05-02,UT,4981.0,112823.0,,418.0,,,2185.0,49.0,418.0,3.0,15.0,1033.0,2020-05-02,8,blue,0.015732546705998107,0.19512195121951215
2020-05-09,UT,6103.0,137191.0,172.0,498.0,,166.0,2901.0,66.0,498.0,5.0,10.0,1122.0,2020-05-09,9,blue,0.08615682478218778,0.346938775510204
2020-05-16,UT,7306.0,137191.0,172.0,498.0,,166.0,2901.0,89.0,498.0,5.0,10.0,1203.0,2020-05-16,10,red,0.07207196916694984,0.346938775510204
2020-05-23,UT,8600.0,137191.0,172.0,498.0,,166.0,2901.0,120.0,498.0,5.0,10.0,1294.0,2020-05-23,11,red,0.07488894028999743,0.346938775510204
2020-03-05,VA,0.0,18.0,,,,,,,,,,1.0,2020-03-05,0,blue,,
2020-03-12,VA,17.0,117.0,,,,,,,,0.0,0.0,17.0,2020-03-12,1,blue,16.0,
2020-03-19,VA,94.0,1829.0,,,,,,2.0,,1.0,0.0,77.0,2020-03-19,2,blue,3.5294117647058822,
2020-03-26,VA,460.0,5729.0,,65.0,,,,13.0,65.0,4.0,6.0,366.0,2020-03-26,3,blue,3.753246753246753,5.5
2020-04-02,VA,1706.0,15883.0,246.0,305.0,,145.0,,41.0,305.0,7.0,0.0,1246.0,2020-04-02,4,blue,2.4043715846994536,2.1538461538461537
2020-04-09,VA,4042.0,28984.0,669.0,685.0,469.0,,,109.0,685.0,34.0,70.0,2336.0,2020-04-09,5,blue,0.8747993579454254,1.6585365853658538
2020-04-16,VA,6889.0,39555.0,1337.0,1114.0,427.0,,951.0,208.0,1114.0,13.0,66.0,2847.0,2020-04-16,6,blue,0.21875,0.9082568807339451
2020-04-23,VA,10998.0,53891.0,1379.0,1753.0,400.0,,1567.0,372.0,1753.0,23.0,94.0,4109.0,2020-04-23,7,blue,0.44327362135581305,0.7884615384615385
2020-04-30,VA,15846.0,75663.0,1550.0,3654.0,372.0,,2104.0,552.0,3654.0,30.0,46.0,4848.0,2020-04-30,8,blue,0.17984911170601126,0.4838709677419355
2020-05-07,VA,21570.0,101582.0,1613.0,4438.0,371.0,,2825.0,769.0,4438.0,56.0,325.0,5724.0,2020-05-07,9,blue,0.18069306930693063,0.3931159420289856
2020-05-14,VA,28328.0,101582.0,1613.0,4438.0,371.0,,2825.0,1072.0,4438.0,56.0,325.0,6758.0,2020-05-14,10,red,0.18052427778674676,0.3931159420289856
2020-05-21,VA,36307.0,101582.0,1613.0,4438.0,371.0,,2825.0,1494.0,4438.0,56.0,325.0,7979.0,2020-05-21,11,red,0.18055803609078352,0.3931159420289856
2020-03-06,VT,0.0,8.0,,,,,,,,,,1.0,2020-03-06,0,blue,,
2020-03-13,VT,2.0,142.0,,,,,,,,0.0,0.0,2.0,2020-03-13,1,blue,1.0,
2020-03-20,VT,29.0,779.0,,,,,,2.0,,2.0,0.0,27.0,2020-03-20,2,blue,12.5,
2020-03-27,VT,184.0,2077.0,,18.0,,,,10.0,18.0,1.0,18.0,155.0,2020-03-27,3,blue,4.7407407407407405,4.0
2020-04-03,VT,389.0,4839.0,29.0,45.0,,,15.0,17.0,45.0,0.0,0.0,205.0,2020-04-03,4,blue,0.32258064516129026,0.7
2020-04-10,VT,679.0,7553.0,32.0,,,,15.0,24.0,,1.0,0.0,290.0,2020-04-10,5,blue,0.41463414634146334,0.41176470588235303
2020-04-17,VT,779.0,11337.0,32.0,,,,15.0,35.0,,0.0,0.0,100.0,2020-04-17,6,blue,-0.6551724137931034,0.45833333333333326
2020-04-24,VT,827.0,13483.0,32.0,,,,,44.0,,1.0,0.0,48.0,2020-04-24,7,blue,-0.52,0.2571428571428571
2020-05-01,VT,879.0,15354.0,19.0,,,,,50.0,,1.0,0.0,52.0,2020-05-01,8,blue,0.08333333333333326,0.13636363636363646
2020-05-08,VT,919.0,18089.0,15.0,,,,737.0,53.0,,0.0,0.0,40.0,2020-05-08,9,blue,-0.23076923076923073,0.06000000000000005
2020-05-15,VT,953.0,18089.0,15.0,,,,737.0,57.0,,0.0,0.0,34.0,2020-05-15,10,red,-0.16794871794871793,0.06000000000000005
2020-05-22,VT,981.0,18089.0,15.0,,,,737.0,61.0,,0.0,0.0,28.0,2020-05-22,11,red,-0.1805128205128205,0.06000000000000005
2020-03-04,WI,1.0,19.0,,,,,,,,,,1.0,2020-03-04,0,blue,,
2020-03-11,WI,3.0,43.0,,,,,,,,0.0,0.0,2.0,2020-03-11,1,blue,1.0,
2020-03-18,WI,106.0,1577.0,,,,,,,,0.0,0.0,103.0,2020-03-18,2,blue,50.5,
2020-03-25,WI,585.0,10089.0,,,,,,7.0,,2.0,0.0,479.0,2020-03-25,3,blue,3.650485436893204,
2020-04-01,WI,1550.0,18819.0,,398.0,,,,24.0,398.0,8.0,61.0,965.0,2020-04-01,4,blue,1.0146137787056366,2.4285714285714284
2020-04-08,WI,2756.0,30115.0,,790.0,,218.0,,99.0,790.0,7.0,45.0,1206.0,2020-04-08,5,blue,0.2497409326424871,3.125
2020-04-15,WI,3721.0,39326.0,406.0,1091.0,163.0,290.0,,182.0,1091.0,12.0,42.0,965.0,2020-04-15,6,blue,-0.19983416252072972,0.8383838383838385
2020-04-22,WI,4845.0,49502.0,355.0,1302.0,139.0,324.0,,246.0,1302.0,4.0,50.0,1124.0,2020-04-22,7,blue,0.16476683937823844,0.35164835164835173
2020-04-29,WI,6520.0,66630.0,577.0,1489.0,121.0,363.0,,308.0,1489.0,8.0,33.0,1675.0,2020-04-29,8,blue,0.49021352313167266,0.2520325203252032
2020-05-06,WI,8901.0,87826.0,511.0,1694.0,107.0,423.0,4348.0,362.0,1694.0,9.0,31.0,2381.0,2020-05-06,9,blue,0.42149253731343284,0.17532467532467533
2020-05-13,WI,12319.0,87826.0,511.0,1694.0,107.0,423.0,4348.0,426.0,1694.0,9.0,31.0,3418.0,2020-05-13,10,red,0.43523673447708083,0.17532467532467533
2020-05-20,WI,17216.0,87826.0,511.0,1694.0,107.0,423.0,4348.0,501.0,1694.0,9.0,31.0,4897.0,2020-05-20,11,red,0.43248789504435126,0.17532467532467533
2020-03-06,WV,0.0,1.0,,,,,,,,,,1.0,2020-03-06,0,blue,,
2020-03-13,WV,0.0,17.0,,,,,,,,0.0,0.0,0.0,2020-03-13,1,blue,-1.0,
2020-03-20,WV,7.0,219.0,,,,,,0.0,,0.0,0.0,7.0,2020-03-20,2,blue,inf,
2020-03-27,WV,76.0,1779.0,,1.0,,,,0.0,1.0,0.0,0.0,69.0,2020-03-27,3,blue,8.857142857142858,
2020-04-03,WV,237.0,6130.0,,1.0,,,,2.0,1.0,0.0,0.0,161.0,2020-04-03,4,blue,1.3333333333333335,inf
2020-04-10,WV,554.0,14001.0,85.0,,20.0,,63.0,5.0,,0.0,0.0,317.0,2020-04-10,5,blue,0.968944099378882,1.5
2020-04-17,WV,754.0,17927.0,85.0,,34.0,,223.0,13.0,,0.0,0.0,200.0,2020-04-17,6,blue,-0.3690851735015773,1.6
2020-04-24,WV,988.0,28823.0,97.0,,36.0,,439.0,32.0,,3.0,0.0,234.0,2020-04-24,7,blue,0.16999999999999993,1.4615384615384617
2020-05-01,WV,1136.0,45708.0,81.0,,33.0,,555.0,46.0,,5.0,0.0,148.0,2020-05-01,8,blue,-0.36752136752136755,0.4375
2020-05-08,WV,1310.0,58126.0,65.0,,19.0,,761.0,51.0,,0.0,0.0,174.0,2020-05-08,9,blue,0.17567567567567566,0.10869565217391308
2020-05-15,WV,1496.0,58126.0,65.0,,19.0,,761.0,57.0,,0.0,0.0,186.0,2020-05-15,10,red,0.06703626703626701,0.10869565217391308
2020-05-22,WV,1699.0,58126.0,65.0,,19.0,,761.0,64.0,,0.0,0.0,203.0,2020-05-22,11,red,0.08876414876414875,0.10869565217391308
2020-03-07,WY,0.0,,,,,,,,,,,1.0,2020-03-07,0,blue,,
2020-03-14,WY,2.0,,,,,,,,,0.0,0.0,2.0,2020-03-14,1,blue,1.0,
2020-03-21,WY,23.0,438.0,,,,,,,,0.0,0.0,21.0,2020-03-21,2,blue,9.5,
2020-03-28,WY,82.0,1475.0,,14.0,,,18.0,0.0,14.0,0.0,3.0,59.0,2020-03-28,3,blue,1.8095238095238093,
2020-04-04,WY,187.0,2945.0,,23.0,,,49.0,0.0,23.0,0.0,2.0,105.0,2020-04-04,4,blue,0.7796610169491525,
2020-04-11,WY,261.0,5198.0,,37.0,,,129.0,0.0,37.0,0.0,0.0,74.0,2020-04-11,5,blue,-0.2952380952380952,
2020-04-18,WY,305.0,6217.0,19.0,50.0,,,206.0,2.0,50.0,0.0,7.0,44.0,2020-04-18,6,blue,-0.4054054054054054,inf
2020-04-25,WY,349.0,7797.0,16.0,54.0,,,321.0,7.0,54.0,0.0,0.0,44.0,2020-04-25,7,blue,0.0,2.5
2020-05-02,WY,566.0,9463.0,13.0,58.0,,,387.0,7.0,58.0,0.0,2.0,217.0,2020-05-02,8,blue,3.9318181818181817,0.0
2020-05-09,WY,644.0,11403.0,12.0,64.0,,,438.0,7.0,64.0,0.0,4.0,78.0,2020-05-09,9,blue,-0.6405529953917051,0.0
2020-05-16,WY,744.0,11403.0,12.0,64.0,,,438.0,7.0,64.0,0.0,4.0,100.0,2020-05-16,10,red,0.2739212400502723,0.0
2020-05-23,WY,854.0,11403.0,12.0,64.0,,,438.0,7.0,64.0,0.0,4.0,110.0,2020-05-23,11,red,0.09102639296187684,0.0
